id,name,description,marketDef,quantity,typeId,categoryId,factionId,rarityId,level,releaseId,active,logId
1,Thunderbolt,,CarPart_Gun_Shotgun_epic,1,26,2,2,3,5,32,true,
2,Sledgehammer,,CarPart_Gun_Shotgun_rare,1,26,2,2,2,1,29,true,
3,Hammerfall,,CarPart_Gun_Shotgun_legend,1,26,2,2,4,9,26,true,
4,Spitfire,,CarPart_Gun_Shotgun_Frontal,1,26,2,1,2,0,32,true,
5,Lupara,,CarPart_Gun_Shotgun,1,26,2,1,1,0,26,true,
6,Pyre,,CarPart_HomingMissileLauncher_epic,1,89,2,4,3,8,26,true,
7,Vector,,CarPart_Gun_Machinegun_rare,1,18,2,3,2,1,26,true,
8,ZS-34 Fat Man,,CarPart_Gun_BigCannon_Free_epic,1,31,2,4,3,5,26,true,
30,GL-55 Impulse,,CarPart_Gun_GrenadeLauncher_Auto,1,15,2,4,3,7,26,true,
31,MG13 Equalizer,,CarPart_Gun_Minigun,1,36,2,3,3,8,26,true,
32,AC72 Whirlwind,,CarPart_Gun_Cannon_epic,1,3,2,3,3,5,26,true,
33,Reaper,,CarPart_Gun_CannonMinigun_legend,1,36,2,3,4,12,27,true,
34,AC43 Rapier,,CarPart_Gun_Cannon_rare,1,3,2,1,2,0,29,true,
38,Cricket,,CarPart_AutoGuidedCourseGun_epic,1,32,2,2,3,5,26,true,
39,Trucker,,Chassis_Kamaz,1,56,1,4,2,1,26,true,
40,Spectre-2,,CarPart_Gun_Machinegun_epic,1,18,2,3,3,5,26,true,
41,PU-1 Charge,,CarPart_PowerGiver_epic,1,14,3,4,6,4,26,true,
42,Armored track,,CarPart_TankTrackBig_legend,1,29,4,4,3,8,26,true,
43,Copper x100,,Res_Platinum_100,100,25,8,99,1,0,27,true,
44,Wasp,,CarPart_AutoGuidedCourseGun_rare,1,32,2,2,2,1,29,true,
45,Executioner 88mm,,CarPart_Gun_BigCannon_EX_epic,1,6,2,4,3,5,26,true,
46,Harvester,,CarPart_Harvester_legend,1,19,2,2,4,12,26,true,
47,ZS-46 Mammoth,,CarPart_Gun_BigCannon_Free_legend,1,31,2,4,4,12,33,true,
48,Gasgen,,CarPart_PowerGiverExplosive_legend,1,14,3,2,3,8,26,true,
49,Scorpion,,CarPart_Gun_SniperCrossbow,1,22,2,1,5,20,32,true,
51,Borer,,CarPart_Drill_epic,1,19,2,4,2,1,26,true,
52,Ampere,,CarPart_PowerGiverExplosive_epic,1,14,3,3,6,4,26,true,
53,Scrap Metal x100,,Res_Scrap_Common_100,100,25,8,99,1,0,27,true,
54,Hurricane,,CarPart_HomingMissileLauncherBurstR_legend,1,89,2,4,4,9,26,true,
55,Retcher,,CarPart_Gun_GrenadeLauncher_Shotgun,1,15,2,3,4,9,32,true,
56,Porcupine,,CarPart_Gun_MineLauncher,1,20,2,1,5,20,26,true,
57,Scrap Metal x1000,,Res_Scrap_Common_1000,1000,25,8,99,1,0,27,true,
59,Studded wheel ST,,CarPart_WheelSmallSpiked_S,1,75,4,2,2,2,26,true,
60,Growl,,Chassis_Basic,1,55,1,2,2,1,26,true,
61,Little Boy 6LB,,CarPart_Gun_BigCannon_Free_rare,1,31,2,1,2,0,29,true,
62,Small track,,CarPart_TankTrackBig_epic,1,29,4,2,3,8,26,true,
63,Hardened track,,CarPart_TankTrack_rare,1,29,4,3,3,8,26,true,
64,Wyvern,,Chassis_Wyvern,1,5,1,3,2,1,26,true,
65,Razorback,,CarPart_Engine_rare,1,12,3,4,6,3,26,true,
66,Shiver,,CarPart_Cooler_epic,1,65,3,2,3,7,26,true,
68,Ammo pack,,CarPart_ModuleAmmo_rare,1,1,3,1,2,0,26,true,
69,TS-1 Horizon,,CarPart_Sniper_rare,1,33,3,1,2,0,26,true,
70,Judge 76mm,,CarPart_Gun_BigCannon_EX_rare,1,6,2,4,2,1,31,true,
71,Cheetah,,CarPart_Engine_epic,1,12,3,3,3,6,26,true,
72,Boom,,CarPart_SpearExplosive,1,76,2,2,6,4,26,true,
73,Buzzsaw,,CarPart_Roundsaw_rare,1,19,2,2,6,4,26,true,
74,ST-M23 Defender,,CarPart_Gun_Machinegun_Frontal,1,13,2,3,2,1,26,true,
75,Expanded ammo pack,,CarPart_ModuleAmmoBig_epic,1,1,3,4,3,6,26,true,
77,Big G,,CarPart_PowerGiver_rare,1,14,3,2,2,2,26,true,
78,CS Taymyr,,CarPart_Cooler_rare,1,65,3,1,2,0,26,true,
79,MD-3 Owl,,CarPart_Quadrocopter_epic,1,9,2,3,3,6,26,true,
80,Hardcore,,CarPart_EngineMini_rare,1,12,3,2,6,3,26,true,
81,Container 'DIY',,Chest_White,1,8,8,99,1,0,27,true,
82,Chameleon Mk2,,CarPart_Stealth_legend,1,28,3,3,3,8,26,true,
83,Twin wheel ST,,CarPart_WheelDouble_RS_epic,1,73,4,4,6,3,26,true,
84,Lancelot,,CarPart_LanceExplosive,1,76,2,2,3,6,26,true,
85,Wires x100,,Res_Scrap_Rare_100,100,25,8,99,1,0,27,true,
86,RN Seal,,CarPart_Radiator_epic,1,64,3,3,3,7,26,true,
87,Chained wheel ST,,CarPart_WheelSmallChains_S,1,75,4,2,2,2,26,true,
88,WWT1,,Chassis_VWT1,1,5,1,1,1,0,26,true,
89,PA Scorpion fragment,,CarPart_Gun_SniperCrossbow_Piece,1,7,8,1,4,0,32,true,
90,Loot Container,,Chest_Rare,1,8,8,99,2,0,27,true,
91,Twin wheel,,CarPart_WheelDouble_R_epic,1,73,4,4,6,3,26,true,
92,Mauler,,CarPart_ChainSaw_epic,1,69,2,2,3,6,26,true,
93,LM-54 Chord,,CarPart_Gun_Machinegun,1,18,2,1,1,0,26,true,
94,AD-12 Falcon,,CarPart_Quadrocopter_rare,1,9,2,3,2,2,26,true,
96,Docker,,Chassis_Gazelle,1,56,1,1,1,0,26,true,
99,Avenger 57mm,,CarPart_Gun_BigCannon_EX,1,6,2,1,1,0,26,true,
100,Chameleon,,CarPart_Stealth_epic,1,28,3,3,6,4,26,true,
101,Apollo IV,,CarPart_PowerGiver_legend,1,14,3,6,4,12,26,true,
104,Studded wheel,,CarPart_WheelSmallSpiked,1,75,4,2,2,2,26,true,
105,Material: Gold,,Dye_Gold,1,10,7,99,4,0,27,true,
106,Fuel x100,,Res_Gasoline_100,100,25,8,99,1,0,27,true,
107,B-1 Aviator,,CarPart_Booster,1,4,3,1,1,0,26,true,
108,R-2 Chill,,CarPart_Radiator_rare,1,64,3,1,2,0,26,true,
109,R-1 Breeze,,CarPart_Radiator,1,64,3,1,1,0,26,true,
112,Dun horse,,CarPart_Engine,1,12,3,3,6,3,26,true,
113,Large wheel ST,,CarPart_WheelBig_RS_epic,1,73,4,4,2,2,26,true,
114,Coupons x10,,Res_Supply_10,10,25,8,99,1,0,27,true,
115,Pattern: Will-o'-wisp,,pic_AlienSkin,1,10,7,99,5,0,27,true,
116,Large wheel,,CarPart_WheelBig_R_epic,1,73,4,4,2,2,26,true,
117,Colossus,,CarPart_EngineMini_epic,1,12,3,4,3,7,30,true,
118,Copper x1000,,Res_Platinum_1000,1000,25,8,99,1,0,27,true,
119,Coupons x100,,Res_Supply_100,100,25,8,99,1,0,27,true,
120,Huntsman,,Chassis_FordPickup,1,5,1,1,1,0,26,true,
121,Chained wheel,,CarPart_WheelSmallChains,1,75,4,2,2,2,26,true,
122,Doppler,,CarPart_RadarBig_epic,1,23,3,3,3,7,26,true,
123,DT Cobra,,CarPart_TurretDeployer_rare,1,30,2,4,2,2,26,true,
124,RT Anaconda,,CarPart_TurretDeployerMissile_epic,1,30,2,4,3,6,26,true,
125,Electron,,Dye_Violet01,1,10,7,99,2,0,27,true,
126,Small wheel ST,,CarPart_WheelSmall_RS,1,75,4,1,1,0,26,true,
127,ML Porcupine fragment,,CarPart_Gun_MineLauncher_Piece,1,7,8,1,4,0,32,true,
128,Material: Aluminium,,Dye_Aircraft,1,10,7,99,5,0,27,true,
129,Blastoff,,CarPart_Booster_rare,1,4,3,2,2,1,26,true,
130,Fender extender,,CarPart_FenderFlare2,1,2,6,99,6,0,27,true,
131,Hot red,,CarPart_Engine_v8,1,12,3,2,3,7,30,true,
132,Material: Chrome,,Dye_Chrome,1,10,7,99,4,0,27,true,
134,Exhaust 2,,CarPart_Exhaust2,1,2,6,99,6,0,27,true,
136,RD-2 Keen,,CarPart_RadarSmall_epic,1,23,3,4,3,8,26,true,
137,Fuel x1000,,Res_Gasoline_1000,1000,25,8,99,1,0,27,true,
138,Outer fender,,CarPart_FenderSolidOutside_rare,1,2,6,99,2,0,27,true,
139,Fuel barrel,,CarPart_Barrel,1,27,3,1,1,0,26,true,
141,Pattern: Lightning,,pic_Electric01,1,10,7,99,5,0,27,true,
142,Maxwell,,CarPart_RadarBig_rare,1,23,3,3,6,3,26,true,
143,Hermes,,CarPart_Booster_epic,1,4,3,2,3,6,26,true,
144,Khaki 1,,Dye_Khaki01,1,10,7,99,1,0,27,true,
145,Pattern: Flame,,pic_Flames01,1,10,7,99,5,0,27,true,
148,Pattern: Digital Desert,,pic_CamouflageDesert,1,10,7,99,5,0,27,true,
149,Pattern: Danger!,,Dye_DangerStripes,1,10,7,99,3,0,27,true,
150,Material: Quartz,,metal_AlienColor,1,10,7,99,5,0,27,true,
151,Horns,,CarPart_Horns01,1,2,6,99,3,0,27,true,
152,RD-1 Listener,,CarPart_RadarSmall_rare,1,23,3,4,2,1,26,true,
153,Hell pipes,,CarPart_Exhaust3,1,2,6,99,1,0,27,true,
155,Large speaker,,CarPart_Speakers_Big,1,2,6,99,4,0,27,true,
156,Spoiler,,CarPart_Wing,1,2,6,99,6,0,42,true,
157,Brake light,,CarPart_Brakelights1,1,68,6,99,6,0,27,true,
158,Pattern: Checkers,,Dye_checker,1,10,7,99,3,0,27,true,
160,Pattern: Forest,,Dye_ForestCamuflage,1,10,7,99,3,0,27,true,
161,Medium spare,,CarPart_SpareTire,1,2,6,99,2,0,27,true,
162,Eagle,,CarPart_Eagle,1,2,6,99,3,0,27,true,
163,Medium wheel ST,,CarPart_WheelMed_RS_rare,1,74,4,1,1,0,26,true,
164,Small speaker,,CarPart_Speakers_Small,1,2,6,99,3,0,27,true,
165,Car jack,,CarPart_Lifter,1,27,3,1,1,0,26,true,
166,Skull,,CarPart_Skull01,1,2,6,99,6,0,27,true,
167,Headlights set,,CarPart_Headlights4,1,85,6,99,1,0,27,true,
168,Electronics x100,,Res_Scrap_Epic_100,100,25,8,99,1,0,27,true,
170,Material: Carbon,,Dye_Carbon,1,10,7,99,5,0,27,true,
171,Pattern: Dune,,Dye_SandCamuflage,1,10,7,99,3,0,27,true,
172,Radio,,CarPart_ModuleRadio,1,24,3,1,1,0,26,true,
173,RS-1 Ruby,,CarPart_RadarSmall,1,23,3,1,1,0,26,true,
174,Headlights,,CarPart_Headlights2,1,85,6,99,1,0,27,true,
176,Small wheel,,CarPart_WheelSmall_R,1,75,4,1,1,0,26,true,
177,Wasteland,,Dye_Brown01,1,10,7,99,1,0,27,true,
178,Heavy clouds,,Dye_Grey03,1,10,7,99,1,0,27,true,
180,Headlight,,CarPart_Headlights,1,85,6,99,1,0,27,true,
181,Fluorescent lamp,,CarPart_Headlights3,1,85,6,99,1,0,27,true,
182,Hell lamp,,CarPart_Headlights5,1,85,6,99,1,0,27,true,
183,Material: Grid,,Dye_Grid,1,10,7,99,3,0,27,true,
184,Victory,,Dye_Red03,1,10,7,99,2,0,27,true,
186,Medium wheel,,CarPart_WheelMed_R_rare,1,74,4,1,1,0,26,true,
187,Red giant,,Dye_Red01,1,10,7,99,6,0,27,true,
188,Bedroll,,CarPart_Bag03,1,2,6,99,1,0,27,true,
191,Bumblebee,,Dye_Yellow03,1,10,7,99,2,0,27,true,
193,Brace,,CarPart_Brace,1,2,6,99,1,0,27,true,
196,Coral,,Dye_Pink02,1,10,7,99,2,0,27,true,
201,Electronics x10,,Res_Scrap_Epic_10,10,25,8,99,1,0,27,true,
202,Haze,,Dye_Grey01,1,10,7,99,1,0,27,true,
208,Pattern: Sea,,Dye_SeaCamuflage,1,10,7,99,3,0,27,true,
209,Relic container,,Chest_Relic,1,8,8,99,5,0,27,true,
210,Defender of the Fatherland,,Decal_23feb2018_wolf,1,52,9,99,1,0,27,true,
213,New Year,,Dye_NewYear2016,1,10,7,99,3,0,27,true,
218,Midnight,,Dye_Black,1,10,7,99,2,0,27,true,
219,Tail light,,CarPart_Brakelights2,1,68,6,99,6,0,27,true,
221,Wires x1000,,Res_Scrap_Rare_1000,1000,25,8,99,1,0,27,true,
222,Khaki 3,,Dye_Khaki03,1,10,7,99,1,0,27,true,
224,Twilight,,Dye_Blue03,1,10,7,99,1,0,27,true,
225,Iguana,,Dye_Green04,1,10,7,99,1,0,27,true,
226,Cherry,,Dye_CherryNine,1,10,9,99,1,0,27,true,
227,Ashes,,Dye_Gray,1,10,7,99,1,0,27,true,
228,Dusk,,Dye_Orange02,1,55,1,99,3,0,27,true,
229,Ocean,,Dye_Violet02,1,10,7,99,6,0,27,true,
230,Khaki 2,,Dye_GreenKhaki,1,10,7,99,1,0,27,true,
302,Dark red,,Dye_Red4,1,10,7,99,5,0,27,true,
303,Pattern: Scorched Earth,,Dye_BlackScratch,1,10,7,99,5,0,27,true,
304,Lone ranger' stars,,pic_USstars,1,10,7,99,3,0,27,true,
305,Lone ranger' stripes,,pic_USline,1,10,7,99,3,0,27,true,
307,Run you fools!',,CarPart_Roadsign_05,1,39,6,99,2,0,27,true,
308,Duck,,CarPart_Duck,1,2,6,99,3,0,27,true,
309,Traffic light,,CarPart_TrafficLight,1,2,6,99,4,0,27,true,
310,Travel bag,,CarPart_BigBag,1,2,6,99,1,0,27,true,
311,Stop!',,CarPart_Roadsign_01,1,39,6,99,2,0,27,true,
312,You're trash!',,CarPart_Roadsign_03,1,39,6,99,2,0,27,true,
313,Everything is permitted',,CarPart_Roadsign_02,1,39,6,99,2,0,27,true,
314,No escape',,CarPart_Roadsign_04,1,39,6,99,2,0,27,true,
315,Stop and think',,CarPart_Roadsign_06,1,39,6,99,2,0,27,true,
316,Duckinator,,CarPart_EvilDuck,1,2,6,99,4,0,27,true,
317,Cantle bag,,CarPart_LeatherBag,1,2,6,99,1,0,27,true,
318,Material: Plate steel,,metal_KnightIron,1,10,7,99,3,0,27,true,
319,Teutonic Eagle,,pic_Teutonique_eagle,1,10,7,99,2,0,27,true,
320,Teutonic Cross,,pic_Teutonique_cross01,1,10,7,99,2,0,27,true,
321,Spike-1,,CarPart_Gun_ClassicCrossbow,1,11,2,99,3,0,32,true,
322,Bludgeon,,CarPart_Knobstick,1,2,6,99,6,0,27,true,
323,Huntsman's horn,,CarPart_CarHorn_WarHorn,1,38,6,99,3,0,27,true,
324,Teutonic Stripes,,pic_Teutonique_stripes,1,10,7,99,2,0,27,true,
325,Armored skull,,CarPart_ArmorSkull,1,2,6,99,6,0,27,true,
326,Gun-mount wheel,,CarPart_Wheel_Medieval,1,74,4,99,2,0,26,true,
327,Gun-mount wheel ST,,CarPart_Wheel_Medieval_S,1,74,4,99,2,0,26,true,
335,Uranium ore x10,,Res_ClanMoney_10,10,25,8,99,1,0,27,true,
337,Uranium ore x100,,Res_ClanMoney_100,100,25,8,99,1,0,27,true,
341,Firebug,,CarPart_Gun_Flamethrower_light,1,37,2,1,5,20,26,true,
342,Joker',,CarPart_CarHorn_Funny,1,38,6,99,3,0,27,true,
344,Cucaracha',,CarPart_CarHorn_Cucaracha,1,38,6,99,4,0,27,true,
345,Titanic',,CarPart_CarHorn_ShipLow,1,38,6,99,4,0,27,true,
346,Pull Over',,CarPart_CarHorn_PoliceShort,1,38,6,99,3,0,27,true,
347,Full House 2',,CarPart_CarHorn_Klaxon,1,38,6,99,3,0,27,true,
348,Express',,CarPart_CarHorn_Train,1,38,6,99,3,0,27,true,
353,Buzzer,,CarPart_CarHorn_Hell,1,38,6,99,4,0,27,true,
356,Potemkin',,CarPart_CarHorn_ShipHigh,1,38,6,99,4,0,27,true,
362,Olifant',,CarPart_CarHorn,1,38,6,99,4,0,27,true,
366,Firebug flamethrower fragment,,CarPart_Gun_Flamethrower_light_Piece,1,7,8,1,4,0,32,true,
368,Wanderer's container,,Chest_rare_weapon,1,8,8,99,2,0,27,true,
369,Pathfinder's container,,Chest_epic_weapon,1,8,8,99,3,0,27,true,
370,Repair Kit,,Consumable_RepairKit,1,42,8,1,1,0,27,true,
371,Jawbreaker,,Chassis_Military,1,56,1,5,6,1,26,true,
372,Humpback,,Chassis_Maz,1,56,1,5,3,8,26,true,
373,Sidekick,,CarPart_WheelDroneDeployer,1,77,2,5,6,3,26,true,
374,Clarinet TOW,,CarPart_Gun_GuidedMissile_Sniper,1,117,2,5,3,7,26,true,
375,Caucasus,,CarPart_Gun_SmartMachinegun,1,18,2,5,3,5,27,true,
376,Carapace,,Chassis_Panzer,1,57,1,99,2,0,26,true,
377,Duster,,Cabin_Buggy_Small,1,55,1,99,1,0,26,true,
378,Fury,,Chassis_Rage,1,5,1,99,2,0,26,true,
379,Racing wheel ST,,CarPart_Wheel_Drag_S,1,74,4,3,2,2,26,true,
380,APC wheel ST,,CarPart_WheelMilitary_S,1,73,4,5,6,2,26,true,
381,Bear,,Cabin_ArmoredPickup,1,5,1,99,2,0,26,true,
382,Golden Eagle,,CarPart_Engine_avia_front,1,12,3,99,3,0,26,true,
383,Racing wheel,,CarPart_Wheel_Drag,1,74,4,3,2,2,26,true,
384,APC wheel,,CarPart_WheelMilitary,1,73,4,5,6,2,26,true,
385,ML 200,,CarPart_MechaLeg,1,41,4,5,3,6,29,true,
386,Storage expansion,,Consumable_InventoryCapacity,1,42,8,1,4,9,27,true,
387,Blueprint storage,,Consumable_BlueprintSlot,1,42,8,1,4,9,27,true,
388,Balloon tyre ST,,CarPart_Wheel_Baloon_S,1,74,4,1,2,0,26,true,
389,Landing gear ST,,CarPart_Wheel_AviaSmall_S,1,74,4,3,2,2,26,true,
390,Balloon tyre,,CarPart_Wheel_Baloon,1,74,4,1,2,0,26,true,
391,Mandrake,,CarPart_Gun_Mortar_Revert,1,43,2,5,4,9,26,true,
393,Pattern: Graffiti Dusk,,pic_StressTest01,1,10,7,99,3,0,27,true,
395,Landing gear,,CarPart_Wheel_AviaSmall,1,74,4,3,2,2,26,true,
396,Round brake light,,CarPart_LightsRear1,1,68,6,99,1,0,27,true,
397,Twilight metallic,,Dye_Blue03_glossy,1,10,7,99,5,0,27,true,
398,Magnetic field,,Dye_Cyan02,1,10,7,99,6,0,27,true,
399,Square cover,,CarPart_ArmorPlate_VanCover_rare,1,2,6,99,1,0,27,true,
400,Embers,,Dye_WarmRed,1,10,7,99,1,0,27,true,
401,Pattern: Calendar,,pic_JailScratches01,1,10,7,99,6,0,27,true,
402,Mirage metallic,,Dye_Sand02_glossy,1,10,7,99,5,0,27,true,
403,White,,Dye_White,1,10,7,99,2,0,27,true,
404,Manhole cover,,CarPart_ArmorPlate_Trapdoor_epic,1,2,6,99,1,0,27,true,
405,Clear sky,,Dye_SkyBlue,1,10,7,99,6,0,27,true,
406,Pattern: Larch,,pic_KhakiSharp,1,10,7,99,6,0,27,true,
407,Amulet,,Dye_Green02,1,10,7,99,1,0,27,true,
408,Polar lights,,Dye_Cyan01,1,10,7,99,1,0,27,true,
409,Fairing,,CarPart_VanRoof_epic,1,2,6,99,2,0,27,true,
410,Pattern: Pine,,mat_KhakiDark01,1,10,7,99,6,0,27,true,
411,Emerald,,Dye_Green03,1,10,7,99,2,0,27,true,
412,Material: Rust,,Dye_Rusted,1,10,7,99,3,0,27,true,
413,Pattern: Urban,,Dye_UrbanCamouflage,1,10,7,99,3,0,27,true,
414,Thug,,Chassis_FordPickup_Alpha,1,5,1,99,1,0,26,true,
415,Material: Snake,,pic_ScaleFish02,1,10,7,99,3,0,27,true,
416,Artisan's pack,,Chest_skins_col1,1,8,8,1,4,0,32,true,
417,Pattern: Tribal,,pic_EtnoPattern,1,10,7,99,3,0,27,true,
418,Material: Crash Tester,,pic_CrashTest02,1,10,7,99,3,0,27,true,
419,CK 'Screamer',,Skin_CarPart_Gun_Shotgun_epic_C1_Raider,1,44,9,1,2,0,32,true,
420,Paint container,,Chest_paints_col1,1,8,8,1,4,0,27,true,
421,CK 'Phoenix',,Skin_CarPart_Gun_Cannon_epic_C1_China,1,44,9,1,3,0,32,true,
422,CK 'Blitzkrieg',,Skin_CarPart_Gun_Machinegun_C1_China,1,44,9,1,1,0,32,true,
423,CK 'Dragon',,Skin_CarPart_Gun_BigCannon_Free_epic_C1_China,1,44,9,1,3,0,32,true,
424,CK 'Redbird',,Skin_CarPart_Gun_Cannon_rare_C1_China,1,44,9,1,2,0,32,true,
425,CK 'Vacuum',,Skin_CarPart_Gun_Minigun_C1_Raider,1,44,9,1,1,0,32,true,
426,CK 'Shark',,Skin_CarPart_Gun_Machinegun_C1_Raider,1,44,9,1,2,0,32,true,
427,CK 'Piranha',,Skin_CarPart_HomingMissileLauncher_epic_C1_Raider,1,44,9,1,1,0,32,true,
428,CK 'Boombox',,Skin_CarPart_AutoGuidedCourseGun_rare_C1_China,1,44,9,1,2,0,32,true,
429,CK 'Finetooth',,Skin_CarPart_Gun_BigCannon_EX_rare_C1_Raider,1,44,9,1,1,0,32,true,
430,CK 'Enemy mine',,Skin_CarPart_ChainSaw_epic_C1_Raider,1,44,9,1,1,0,32,true,
431,CK 'Moonlight',,Skin_CarPart_SpearExplosive_C1_China,1,44,9,1,3,0,32,true,
432,Pattern: Graffiti Dawn,,pic_StressTest02,1,10,7,99,3,0,27,true,
433,Fuel tank,,CarPart_ModuleTank_rare,1,27,3,1,2,0,26,true,
435,CK 'Bloodsucker',,Skin_CarPart_Gun_Machinegun_epic_C1_Raider,1,44,9,1,2,0,32,true,
436,CK 'Guardsman',,Skin_CarPart_Gun_BigCannon_EX_C1_China,1,44,9,1,1,0,32,true,
437,CK 'Direwolf',,Skin_CarPart_Gun_Machinegun_rare_C1_China,1,44,9,1,1,0,32,true,
438,CK 'Killer',,Skin_CarPart_ChainSaw_epic_C1_China,1,44,9,1,3,0,32,true,
439,CK 'Dharma's Umbrella',,Skin_CarPart_Drill_epic_C1_China,1,44,9,1,1,0,32,true,
440,CK 'Rumble',,Skin_CarPart_Gun_CannonMinigun_legend_C1_China,1,44,9,1,4,0,32,true,
441,CK 'Jaws',,Skin_CarPart_Gun_BigCannon_Free_rare_C1_Raider,1,44,9,1,1,0,32,true,
450,Legend' container,,Chest_legendary_2h,1,8,8,1,4,0,27,true,
451,Decor container,,Chest_decorum,1,8,8,1,1,0,27,true,
453,Wasteland container,,Chest_online_2h,1,8,8,99,1,0,27,true,
454,Steel cavalry' container,,Knight_new_guns_chest,1,8,8,99,4,0,27,true,
455,Fuze,,CarPart_kamikazeDroneDeployer,1,77,2,2,3,7,27,true,
456,BC-17 Tsunami,,CarPart_Gun_BigCannon_EX_Legend,1,6,2,5,4,12,26,true,
457,Goblin,,CarPart_Gun_Shotgun_Fixed_Rare,1,26,2,2,6,4,26,true,
458,Material: Alligator,,pic_ScaleFish01,1,10,7,99,3,0,27,true,
460,Pattern: Blackboard,,pic_SchoolDesk01,1,10,7,99,6,0,27,true,
462,Prospector's container,,Chest_online_14h,1,8,8,99,2,0,27,true,
464,Miner's container,,Chest_online_14h_gold,1,8,8,99,2,0,27,true,
465,Adventurer's container,,Chest_online_2h_gold,1,8,8,99,1,0,27,true,
467,Pattern: Aboriginal,,Pic_australia1,1,10,7,99,6,0,27,true,
468,Pattern: Down under,,Pic_australia2,1,10,7,99,6,0,27,true,
471,Army of viewers,,Pic_YouTube,1,10,7,99,2,0,27,true,
475,Synthesis,,CarPart_Gun_Syfy_FusionRifle,1,46,2,6,6,3,26,true,
479,Icarus IV,,CarPart_Hover_rare_bundle,1,47,4,99,3,0,27,true,
481,Pattern: Lava,,pic_LavaSkin01,1,10,7,99,5,0,27,true,
482,Lunar IV ST,,CarPart_Wheel_Moonwalker_S,1,75,4,6,6,2,26,true,
483,Lunar IV,,CarPart_Wheel_Moonwalker,1,75,4,6,6,2,26,true,
484,Red Moon,,Dye_Red4_glossy,1,10,7,99,5,0,27,true,
485,Tinkerer's pack,,Chest_skins_col1_2,1,8,8,1,4,0,32,true,
486,White Sun,,Dye_White_glossy,1,10,7,99,5,0,27,true,
487,CK 'Demon',,Skin_CarPart_Gun_Machinegun_epic_C1_China,1,44,9,1,2,0,32,true,
488,Neutrino,,CarPart_Syfy_SniperVisor,1,33,3,6,3,5,26,true,
489,CK 'Swarm',,Skin_CarPart_AutoGuidedCourseGun_epic_C1_China,1,44,9,1,2,0,32,true,
490,Quasar,,CarPart_Gun_Syfy_Plazma,1,66,2,6,3,5,32,true,
491,CK 'Cannoneer',,Skin_CarPart_Gun_BigCannon_Free_rare_C1_China,1,44,9,1,1,0,32,true,
492,CK 'Snow Leopard',,Skin_CarPart_Gun_Shotgun_rare_C1_China,1,44,9,1,2,0,32,true,
493,CK 'Kaboom',,Skin_CarPart_AutoGuidedCourseGun_rare_C1_Raider,1,44,9,1,1,0,32,true,
494,CK 'General',,Skin_CarPart_Gun_BigCannon_EX_epic_C1_China,1,44,9,1,3,0,32,true,
495,CK Sling,,Skin_CarPart_Gun_Cannon_rare_C1_Raider,1,44,9,1,1,0,32,true,
496,Aegis-Prime,,CarPart_Shield_mortal,1,51,3,6,4,10,26,true,
497,Icarus VII,,CarPart_Hover_rare,1,47,4,99,3,6,33,true,
498,Aurora,,CarPart_Gun_Syfy_ParticleBeam,1,49,2,6,3,7,26,true,
499,CK 'Flying Daggers',,Skin_CarPart_Roundsaw_rare_C1_China,1,44,9,1,1,0,32,true,
500,CK 'Swashbuckler',,Skin_CarPart_Drill_epic_C1_Raider,1,44,9,1,2,0,32,true,
502,CK 'Centipede',,Skin_CarPart_Gun_Flamethrower_light_C1_China,1,44,9,1,5,0,32,true,
503,CK 'Officer',,Skin_CarPart_Gun_BigCannon_EX_rare_C1_China,1,44,9,1,2,0,32,true,
504,CK 'Garuda',,Skin_CarPart_Gun_GrenadeLauncher_Auto_C1_China,1,44,9,1,2,0,32,true,
505,Quantum,,Cabin_Satellite,1,5,1,6,3,8,26,true,
506,Pilgrim,,Cabin_Moonwalker,1,5,1,6,6,1,26,true,
507,CK 'Viper',,Skin_CarPart_LanceExplosive_C1_China,1,44,9,1,2,0,32,true,
508,Barrier IX,,CarPart_TurretDeployer_Shield,1,30,2,6,3,7,26,true,
509,Spark III,,CarPart_Gun_Syfy_Tesla,1,87,2,6,4,9,26,true,
510,Genesis,,CarPart_Syfy_DeployAmmo,1,48,3,6,6,4,26,true,
511,CK Thunderclap,,Skin_CarPart_AutoGuidedCourseGun_epic_C1_Raider,1,44,9,1,1,0,32,true,
512,CK 'Bumbarash',,Skin_CarPart_Gun_Machinegun_Frontal_C1_Raider,1,44,9,1,1,0,32,true,
513,CK 'Armadillo',,Skin_CarPart_Gun_Machinegun_Frontal_C1_China,1,44,9,1,1,0,32,true,
514,CK 'Hunter',,Skin_CarPart_Gun_Minigun_C1_China,1,44,9,1,2,0,32,true,
515,CK 'Hiderigami',,Skin_CarPart_Harvester_legend_C1_China,1,44,9,1,4,0,32,true,
516,Material: Test Dummy,,pic_CrashTest01,1,10,7,99,3,0,27,true,
524,Fright container,,Halloween_chest,1,8,8,99,4,0,27,true,
525,Easy target,,pic_BloodHand,1,10,7,99,2,0,27,true,
526,Jack-o'-lantern,,CarPart_Pumpkin,1,85,6,99,4,0,27,true,
527,Death mask,,pic_StMuerte01,1,10,7,99,4,0,27,true,
528,The Harvest,,pic_ScaryFaces01,1,10,7,99,3,0,27,true,
529,Horror show,,CarPart_WitchDuck,1,2,6,99,3,0,27,true,
530,D minor',,CarPart_CarHorn_Helloween1,1,38,6,99,3,0,27,true,
531,Hearse horn,,CarPart_CarHorn_Helloween2,1,38,6,99,3,0,27,true,
532,Nocturnal Hunter,,pic_SpiderWeb01,1,10,7,99,6,0,27,true,
533,Why so serious?',,CarPart_Clownbeep,1,38,6,99,3,0,27,true,
534,Pumpalloons,,CarPart_Balloon,1,2,6,99,4,0,27,true,
535,Crazy exhaust,,CarPart_Exhaust_Quad_01,1,2,6,99,6,0,27,true,
536,Camouflage: Web,,Pic_SpiderWeb02,1,10,7,99,5,0,27,true,
543,Metal fatigue,,pic_BulletRust,1,10,7,99,3,0,27,true,
548,Steppe spider,,Chassis_Spider,1,5,1,99,3,0,26,true,
549,Black Gold,,pic_MetalOil,1,10,7,99,3,0,27,true,
551,Camouflage: Crater,,Pic_Trypophobia01,1,10,7,99,5,0,27,true,
554,Beware of mutants!,,CarPart_Roadsign_11,1,39,6,99,2,0,27,true,
560,ST-M26 Tackler,,CarPart_Gun_Machinegun_Corner,1,13,2,99,3,0,31,true,
561,Icebox,,Cabin_Big,1,56,1,99,3,0,26,true,
562,Gift container,,NewYear_chest,1,8,8,99,4,0,27,true,
564,Iron Father,,CarPart_Nyear_Robotsanta,1,38,6,99,3,0,27,true,
565,Cold flame,,Dye_RedBlue,1,10,7,99,5,0,27,true,
566,Neon Santa,,CarPart_Nyear_Neon,1,2,6,99,3,0,27,true,
567,Rudolph's Nose,,CarPart_RedNose,1,38,6,99,6,0,27,true,
568,Rudolph's Horn,,CarPart_Nyear_Horn,1,2,6,99,6,0,27,true,
569,Boom and you win!,,Decal_nyear2018_magicancat,1,52,9,99,3,0,27,true,
570,Happy snowflake,,Decal_nyear2018_snowflake_fall,1,52,9,99,1,0,27,true,
571,Snow Tyres,,CarPart_Snowman,1,2,6,99,3,0,27,true,
572,Make way!,,Decal_nyear2018_deer,1,52,9,99,4,0,27,true,
573,Hunter's trophy,,CarPart_DeerHead,1,2,6,99,6,0,27,true,
574,Happy New Year!,,Decal_nyear2018_bomb,1,52,9,99,1,0,27,true,
575,Deer counter,,Decal_nyear2018_defeat_list,1,52,9,99,1,0,27,true,
576,Festive Avenger,,Decal_nyear2018_deer_mg,1,52,9,99,1,0,27,true,
577,Bow,,Decal_nyear2018_bow,1,52,9,99,1,0,27,true,
578,Snowman XO,,Decal_nyear2018_snowman_eng,1,52,9,99,2,0,27,true,
579,Snowman Pete,,Decal_nyear2018_snowman_lunatic,1,52,9,99,2,0,27,true,
580,Stocking with gifts,,Decal_nyear2018_feltboots,1,52,9,99,2,0,27,true,
581,Festive taste,,pic_Gingerbread01,1,10,7,99,2,0,27,true,
582,Snowman AB,,Decal_nyear2018_snowman_scaven,1,52,9,99,2,0,27,true,
583,Snowman,,Decal_nyear2018_snowman_nomad,1,52,9,99,2,0,27,true,
584,Northern Fairytale,,pic_RussianFolk01,1,10,7,99,4,0,27,true,
585,Cookie,,Decal_nyear2018_cookie,1,52,9,99,3,0,27,true,
586,Christmas not-a-toy,,Decal_nyear2018_grenade_fir,1,52,9,99,2,0,27,true,
587,Croup,,Decal_nyear2018_deer_back,1,52,9,99,3,0,27,true,
588,Player Union,,pic_YouTube03,1,10,7,99,3,0,27,true,
589,Frostbite,,CarPart_IceCream,1,2,6,99,4,0,27,true,
590,Croissant,,Decal_nyear2018_croissant,1,52,9,99,3,0,27,true,
591,Camouflask,,pic_XmasTree01,1,10,7,99,3,0,27,true,
592,From the forest',,CarPart_Christmas_tree,1,2,6,99,4,0,27,true,
593,A little something,,pic_PresentPaper01,1,10,7,99,5,0,27,true,
594,Skinner,,CarPart_Gun_Harpoon,1,53,2,7,3,8,26,true,
595,Meat Grinder,,CarPart_Shnekohod,1,54,4,7,3,7,32,true,
596,Cerberus,,Cabin_InnateMelee,1,55,1,99,3,0,26,true,
598,Junkbow,,CarPart_Gun_ShotGun_Garbage,1,26,2,7,6,2,26,true,
599,Bat,,Cabin_Tribal,1,55,1,7,6,1,26,true,
600,Shiv ST,,CarPart_Wheel_SawWheel_S,1,74,4,7,6,3,26,true,
602,Shiv,,CarPart_Wheel_SawWheel,1,74,4,7,6,3,26,true,
603,Fire Salamander,,pic_chameleon_Tribal01,1,10,7,99,5,0,27,true,
606,Asmodeus,,Decal_tribal02,1,52,9,99,3,0,27,true,
607,Capricorn,,Decal_tribal01,1,52,9,99,5,0,27,true,
608,Belial,,Decal_tribal03,1,52,9,99,3,0,27,true,
609,Phoenix,,CarPart_Gun_Blast_ClassicCrossbow,1,11,2,7,3,6,32,true,
610,Bigfoot ST,,CarPart_Wheel_MonsterTruck_S,1,73,4,7,3,5,26,true,
611,Bigfoot,,CarPart_Wheel_MonsterTruck,1,73,4,7,3,5,26,true,
612,Oppressor,,CarPart_Engine_Powerful,1,12,3,7,3,7,30,true,
613,Werewolf,,Cabin_DronSpawn,1,55,1,7,3,8,26,true,
614,Tormentor,,CarPart_SelfCalc,1,58,3,7,3,6,26,true,
615,Flauros,,Decal_tribal04,1,52,9,99,3,0,27,true,
616,Draco,,CarPart_Gun_Flamethrower_fixed,1,37,2,7,4,10,26,true,
617,Fortune,,CarPart_Gun_WheelRocket,1,20,2,7,4,12,26,true,
618,Incinerator,,CarPart_Gun_Catapult,1,59,2,7,3,8,26,true,
619,Stallion ST,,CarPart_Wheel_Hopping_S,1,74,4,99,2,0,26,true,
620,Jockey,,Chassis_ChevyPickup,1,5,1,99,2,0,26,true,
621,Stallion,,CarPart_Wheel_Hopping,1,74,4,99,2,0,26,true,
622,Lollipop,,Dye_Valentine2018,1,10,7,99,5,0,27,true,
623,Quick and the Dead,,Decal_fire_14feb2018,1,52,9,99,4,0,27,true,
624,Ambulance lights,,CarPart_AmbulanceLights,1,38,6,99,4,0,27,true,
625,Hot Rod,,Cabin_Riviera,1,5,1,99,2,0,26,true,
626,Bear's Roar,,Decal_bear01,1,52,9,99,2,0,27,true,
627,Wolf Eyes,,Decal_wolf01,1,52,9,99,2,0,27,true,
628,Plague,,pic_AmbulanceWhite,1,10,7,99,5,0,27,true,
629,Snake venom,,Decal_snake01,1,52,9,99,3,0,27,true,
630,With the shield or on the shield,,Decal_23feb2018_bear,1,52,9,99,1,0,27,true,
631,Wings of Victory,,Decal_23feb2018_star,1,52,9,99,3,0,27,true,
632,MachineGuns & Roses,,Decal_8march02,1,52,9,99,2,0,27,true,
633,Through difficulties,,Decal_8march03,1,52,9,99,3,0,27,true,
634,Purr love,,Decal_8march05,1,52,9,99,4,0,27,true,
635,Brave heart,,Decal_8march01,1,52,9,99,2,0,27,true,
636,Premonition,,Decal_8march04,1,52,9,99,3,0,27,true,
637,Tusk,,Cabin_Tribal_Hog,1,55,1,99,3,0,26,true,
638,Boar scalp,,pic_BoarFur,1,10,7,99,5,0,27,true,
639,Eye of the beast,,Decal_hog01,1,52,9,99,5,0,27,true,
640,Surprise!,,Decal_1april04,1,52,9,99,1,0,27,true,
641,Crab it,,Decal_1april01,1,52,9,99,2,0,27,true,
642,Wild Boar,,Decal_japan_contest2018_boar,1,52,9,99,4,0,27,true,
643,Lady Ivy,,Decal_japan_contest2018_rocket_girl,1,52,9,1,4,0,32,true,
644,Harley king,,Decal_1april03,1,52,9,99,1,0,27,true,
645,Nosedive,,Decal_1april02,1,52,9,99,2,0,27,true,
646,Warrior duck,,Decal_japan_contest2018_samurai_duck,1,52,9,1,4,0,32,true,
647,Rocket balloons,,CarPart_April_Balloon,1,2,6,99,3,0,27,true,
648,Inflatable Mammoth,,CarPart_FakeGun,1,2,6,99,4,0,27,true,
649,No entry',,CarPart_RoadsignCircle_01,1,39,6,99,2,0,27,true,
650,Maintenance',,CarPart_RoadsignSquare_01,1,39,6,99,2,0,27,true,
651,Royal trophy,,CarPart_MBP_Sign,1,2,6,99,4,0,27,true,
652,Cyclone,,CarPart_Gun_Cannon_Legend,1,3,2,5,4,10,26,true,
663,Goliath,,CarPart_TankTrackRomb,1,29,4,99,3,0,26,true,
735,Dogs of War,,Decal_wwi_dog01,1,52,9,99,5,0,27,true,
763,M-37 Piercer,,CarPart_Gun_SMG,1,63,2,1,6,0,33,true,
764,Prometheus V,,CarPart_Gun_Syfy_FusionRifle_epic,1,46,2,6,3,6,26,true,
765,Fafnir,,CarPart_Gun_ShotGun_Garbage_epic,1,26,2,7,3,7,26,true,
766,Aspect,,CarPart_Gun_Machinegun_Legendary,1,18,2,3,4,10,26,true,
767,Solomon's pattern,,Pic_CamouflageMark,1,10,7,99,5,0,27,true,
769,Ghost,,Cabin_Mi24,1,5,1,99,3,0,32,true,
770,Kapkan,,CarPart_Gun_MineTrap,1,20,2,99,3,0,33,true,
773,Mentor's container,,Chest_Login,1,8,8,99,2,0,27,true,
775,Hunger,,Decal_hunter01,1,52,9,99,5,0,27,true,
776,Victory at all costs,,Decal_Victory2018_gasmask01,1,52,9,99,3,0,27,true,
777,White star,,Decal_Victory2018_star02,1,52,9,99,1,0,27,true,
778,Lest we forget,,Decal_Victory2018_star03,1,52,9,99,2,0,27,true,
779,Victory medal,,Decal_Victory2018_star04,1,52,9,99,4,0,27,true,
780,They shall not pass!,,Decal_Victory2018_tank01,1,52,9,99,3,0,27,true,
782,Misty Marshes,,pic_CamouflageSlave1,1,10,7,99,5,0,27,true,
783,Batteries x10,,Res_Accumulators_10,10,25,8,99,1,0,27,true,
784,Batteries x100,,Res_Accumulators_100,100,25,8,99,1,0,27,true,
785,Plastic x100,,Res_Plastic_100,100,25,8,99,1,0,27,true,
786,Plastic x1000,,Res_Plastic_1000,1000,25,8,99,1,0,27,true,
790,Firestarter,,Decal_Crossout_2018_Firestarters,1,52,9,99,2,0,27,true,
791,Steppenwolf,,Decal_Crossout_2018_Military,1,52,9,99,2,0,27,true,
792,Dawn's Child,,Decal_Crossout_2018_Scientists,1,52,9,99,2,0,27,true,
794,Vuvuzela,,CarPart_CarHorn_Vuvuzela,1,38,6,99,4,0,27,true,
795,Number One' hand,,CarPart_football_hand_finger,1,2,6,99,6,0,27,true,
796,Goat' hand,,CarPart_football_hand_goat,1,2,6,99,6,0,27,true,
799,Black and Blue' flare,,CarPart_Torch_Blue,1,60,6,99,4,0,27,true,
800,Red Eye' flare,,CarPart_Torch_Red,1,60,6,99,4,0,27,true,
802,Ball in the game,,Decal_ball01,1,52,9,99,5,0,27,true,
803,Number '1',,Decal_number01,1,52,9,99,1,0,27,true,
804,Number '4',,Decal_number04,1,52,9,99,1,0,27,true,
805,Number '7',,Decal_number07,1,52,9,99,1,0,27,true,
806,Number '9',,Decal_number09,1,52,9,99,1,0,27,true,
808,To the championship!,,pic_Football01,1,10,7,99,5,0,27,true,
809,Torero,,Cabin_Lambo,1,5,1,99,3,0,26,true,
810,Corno sinistro,,CarPart_Exhaust_Dble_Side_L,1,2,6,99,4,0,27,true,
811,Corno destro,,CarPart_Exhaust_Dble_Side_R,1,2,6,99,4,0,27,true,
812,Muleta Wing,,CarPart_lambo_spoiler,1,2,6,99,4,0,27,true,
813,Taxi sign,,CarPart_TaxiLight,1,2,6,99,4,0,27,true,
815,Mad bull,,Decal_bull01,1,52,9,99,5,0,27,true,
817,Bad cop,,metal_PoliceBlack,1,0,0,1,1,0,32,true,
818,Good cop,,metal_PoliceWhite,1,0,0,1,1,0,32,true,
819,El Dorado,,metal_Yellow03,1,10,7,99,5,0,27,true,
820,Checkers,,pic_CheckerTaxi,1,0,0,1,1,0,32,true,
821,Old salt,,pic_TaxiScratch,1,0,0,1,1,0,32,true,
823,Spectral Flame,,Decal_fire03,1,52,9,99,5,0,27,true,
825,Half-light,,pic_metal_black01,1,10,7,99,5,0,27,true,
826,Contact 2M,,CarPart_Coupler,1,62,3,99,2,0,26,true,
827,Corvo,,CarPart_Gun_Revolver_epic,1,61,2,99,3,0,26,true,
828,Nidhogg,,CarPart_Gun_ShotGun_Garbage_legend,1,26,2,7,4,11,26,true,
829,Helios,,CarPart_Gun_Syfy_FusionRifle_legend,1,46,2,6,4,11,26,true,
830,Oculus VI,,CarPart_Stealth_Seeker_rare,1,23,3,4,6,4,26,true,
832,Drain knight,,Decal_knecht01,1,52,9,99,1,0,27,true,
833,Lance knight shield,,Decal_knecht02,1,52,9,99,1,0,27,true,
834,Jouster,,Decal_knecht03,1,52,9,99,3,0,27,true,
835,Knight rider,,Decal_knecht04,1,52,9,99,3,0,27,true,
836,Lion rampant,,Decal_knecht05,1,52,9,99,2,0,27,true,
837,Iron lily,,Decal_knecht06,1,52,9,99,2,0,27,true,
839,Fleur-de-lis,,pic_FleurDeLys01,1,10,7,99,3,0,27,true,
840,Skull pipe,,CarPart_Exhaust_Skull_01,1,2,6,99,4,0,27,true,
842,Air Witch Force,,Decal_halloween01,1,52,9,99,3,0,27,true,
843,The Headless Driver,,Decal_halloween02,1,52,9,99,3,0,27,true,
844,Bat out of hell,,Decal_halloween03,1,52,9,99,3,0,27,true,
845,Pumpker,,Decal_halloween04,1,52,9,99,2,0,27,true,
846,Red widow,,Decal_halloween05,1,52,9,99,2,0,27,true,
848,Mummy,,pic_Mummy01,1,10,7,99,3,0,27,true,
849,Favorite,,Cabin_Zubilo,1,5,1,99,3,0,27,true,
850,Braid,,CarPart_Exhaust_Zubilo,1,2,6,99,4,0,27,true,
851,Topper,,CarPart_fenderpad01_Zubilo,1,2,6,99,4,0,27,true,
853,Drive safe,,Decal_zubilo01,1,52,9,99,3,0,27,true,
854,Oops wrong pedal,,Decal_zubilo02,1,52,9,99,3,0,27,true,
855,Wildstyle,,Decal_zubilo03,1,52,9,99,3,0,27,true,
856,Petroglyphs,,Decal_zubilo04,1,52,9,99,3,0,27,true,
857,Driver-96,,Decal_zubilo05,1,52,9,99,3,0,27,true,
858,Stay back!,,Decal_zubilo06,1,52,9,99,3,0,27,true,
859,Jack,,Decal_zubilo07,1,52,9,99,3,55,27,true,
860,Aubergine,,Decal_zubilo08,1,52,9,99,3,0,27,true,
862,Eggplant,,metal_LSedan,1,10,7,99,5,0,27,true,
863,Winnetou,,CarPart_Exhaust_Feather01,1,2,6,1,3,0,27,true,
864,Chingachgook,,CarPart_Exhaust_Feather02,1,2,6,1,3,0,27,true,
865,M-38 Fidget,,CarPart_Gun_SMG_Epic,1,63,2,1,3,0,26,true,
866,M-39 Imp,,CarPart_Gun_SMG_Legend,1,63,2,1,4,0,26,true,
867,Steel mohawk,,CarPart_Pikes_Dikoobraz,1,2,6,1,3,0,27,true,
868,Light bar,,CarPart_PoliceLights,1,38,6,99,4,0,27,true,
870,Stabbing weapons,,Decal_raider01,1,52,9,1,3,0,27,true,
871,Big score,,Decal_raider02,1,52,9,1,3,0,27,true,
872,Vulture,,Decal_raider05,1,52,9,1,2,0,27,true,
873,Pin cushion,,Decal_raider06,1,52,9,1,2,0,27,true,
875,CK Tornado,,Skin_CarPart_Gun_Cannon_epic_C2_China,1,0,0,1,1,0,32,true,
878,Memento,,metal_Memento,1,10,7,99,5,0,27,true,
879,Donut,,CarPart_Donut,1,2,6,99,4,0,27,true,
880,Sweet cane,,CarPart_Nyear_Candy,1,2,6,99,6,0,27,true,
881,Confetti box,,CarPart_Nyear_Gift,1,2,6,99,3,0,27,true,
882,Old skis,,CarPart_Nyear_Ski,1,2,6,99,3,0,27,true,
883,New Year' flare,,CarPart_Torch_NewYear,1,60,6,99,4,0,27,true,
885,Snowhand,,Decal_nyear2018_snowman_military,1,52,9,99,2,0,27,true,
886,Rileyberg,,Decal_nyear2018_snowman_scientist,1,52,9,99,2,0,27,true,
887,Snowdegon,,Decal_nyear2018_snowman_witch,1,52,9,99,2,0,27,true,
889,Fire show,,Dye_NewYear2018,1,10,7,99,5,0,27,true,
890,Winter night,,Dye_NewYear2018_2,1,10,7,99,5,0,27,true,
891,CK Heat wave,,Skin_CarPart_Gun_GrenadeLauncher_Auto_C2_China,1,0,0,1,1,0,32,true,
892,CK Aries,,Skin_CarPart_HomingMissileLauncher_epic_C2_China,1,0,0,1,1,0,32,true,
894,ZhugeLiangz TV 2 Sign,,Decal_thailand_zhuge_liangz_tv02,1,0,0,1,1,0,32,true,
895,Epic Caster Container,,Epic_Caster_Container,1,0,0,1,1,0,32,true,
896,Single spare,,CarPart_SpareTire_Heavy,1,2,6,99,2,0,27,true,
897,Twin spare,,CarPart_SpareTire_Heavy2,1,2,6,99,6,0,27,true,
898,Military spare,,CarPart_SpareTire_Military,1,2,6,99,6,0,27,true,
899,Spiked spare,,CarPart_SpareTire_Spike,1,2,6,99,6,0,27,true,
900,Big spare,,CarPart_SpareTire_Tractor,1,2,6,99,2,0,27,true,
901,Small spare,,CarPart_SpareTire_Truck,1,2,6,99,1,0,27,true,
905,Echo,,Cabin_War,1,56,1,99,3,0,26,true,
906,Left furnace,,CarPart_Exhaust_War_Left,1,2,6,99,4,0,27,true,
907,Right furnace,,CarPart_Exhaust_War_Right,1,2,6,99,4,0,27,true,
908,CC-18 Typhoon,,CarPart_Gun_BigCannon_EX_Relic,1,6,2,1,5,20,26,true,
909,Punisher,,CarPart_Gun_Machinegun_Relic,1,18,2,1,5,20,33,true,
910,Breaker,,CarPart_Gun_Shotgun_Relic,1,26,2,1,5,20,26,true,
912,Red horse,,Decal_War2,1,52,9,99,5,0,27,true,
913,Black arsenal,,Decal_War3,1,52,9,99,4,0,27,true,
914,White arsenal,,Decal_War4,1,52,9,99,4,0,27,true,
916,Scorching sand,,Pic_War,1,10,7,99,5,0,27,true,
917,Armour plates,,Pic_War2,1,10,7,99,5,0,27,true,
918,Rare Caster Container,,Rare_Caster_Container,1,0,0,1,1,0,32,true,
919,Engraved casings,,Res_TokenZone1_100,1,25,8,99,1,0,27,true,
925,Bastion,,Cabin_Bulldozer,1,56,1,5,3,8,26,true,
926,Photon,,Cabin_Lunar_Rover,1,5,1,6,3,8,26,true,
927,Harpy,,Cabin_Volcano,1,55,1,7,3,8,26,true,
928,M-29 Protector,,CarPart_Gun_Machinegun_Frontal_Epic,1,13,2,3,3,5,26,true,
929,MG14 Arbiter,,CarPart_Gun_Minigun_Legend,1,36,2,3,4,11,26,true,
930,Pulsar,,CarPart_Gun_Syfy_Plazma_Legend,1,66,2,6,4,11,32,true,
931,Rift 2M,,CarPart_Squib,1,67,3,99,2,0,26,true,
932,The Call,,Cabin_Death,1,5,1,99,3,0,31,true,
933,Twin exhaust,,CarPart_Exhaust_Death,1,2,6,99,4,0,27,true,
934,Grenadier,,CarPart_WheelDroneDeployer_epic,1,77,2,99,3,0,26,true,
936,Pale horse,,Decal_Death,1,52,9,99,5,0,27,true,
937,Black charm,,Decal_Death2,1,52,9,99,4,0,27,true,
938,Black omen,,Decal_Death4,1,52,9,99,4,0,27,true,
940,Epitaph,,Pic_Death,1,10,7,99,5,0,27,true,
941,Cold steel,,Pic_Death2,1,10,7,99,5,0,27,true,
942,Elephant,,CarPart_Gun_BigCannon_Free_T34_epic,1,31,2,99,3,0,26,true,
943,Tactical log,,CarPart_Tactical_Log,1,2,6,99,3,0,27,true,
945,Red star,,Decal_9may01,1,52,9,99,6,0,27,true,
946,No mercy,,Decal_9may03,1,52,9,99,2,0,27,true,
947,Comrade in arms,,Decal_9may04,1,52,9,99,2,0,27,true,
948,Number 34,,Decal_9may12,1,52,9,99,6,0,27,true,
949,Forest camo,,Pic_Camo08,1,10,7,99,5,0,27,true,
950,Howl,,Cabin_Famine,1,5,1,99,3,0,26,true,
951,Swarm (left),,CarPart_Exhaust_Famine_giga_l,1,2,6,99,4,0,27,true,
952,Swarm (right),,CarPart_Exhaust_Famine_giga_r,1,2,6,99,4,0,27,true,
953,Carnivore,,CarPart_Hologram,1,81,6,99,3,0,27,true,
955,Black steed,,Decal_Famine,1,52,9,99,5,0,27,true,
956,Black host,,Decal_Famine2,1,52,9,99,4,0,27,true,
957,White host,,Decal_Famine3,1,52,9,99,4,0,27,true,
958,Eroded metal,,Pic_Famine,1,10,7,99,5,0,27,true,
959,Warg,,Pic_TornMetal01,1,10,7,99,5,0,27,true,
960,Sprinter,,Cabin_Light,1,5,1,1,1,0,26,true,
962,Blight,,Cabin_Pestilence,1,55,1,99,3,0,26,true,
963,Fever,,CarPart_Edison_lamp,1,68,6,99,3,0,27,true,
964,Trickler left,,CarPart_Exhaust_Pestilence_Left,1,2,6,99,3,0,27,true,
965,Ague left,,CarPart_Exhaust_Pestilence_Left2,1,2,6,99,4,0,27,true,
966,Trickler right,,CarPart_Exhaust_Pestilence_Right,1,2,6,99,3,0,27,true,
967,Ague right,,CarPart_Exhaust_Pestilence_Right2,1,2,6,99,4,0,27,true,
968,Remedy,,CarPart_Gun_Flamethrower_frontal,1,37,2,99,3,0,26,true,
970,White horse,,Decal_Pestilence,1,52,9,99,5,15,27,true,
971,Black rats,,Decal_Pestilence2,1,52,9,99,4,0,27,true,
972,Swamp rats,,Decal_Pestilence3,1,52,9,99,4,0,27,true,
975,Heat,,Pic_Pestilence,1,10,7,99,5,0,27,true,
976,Strain,,Pic_Pestilence2,1,10,7,99,5,0,27,true,
978,AC64 Joule,,CarPart_Gun_Lcannon_epic,1,3,2,99,3,0,26,true,
980,No step,,Decal_borntofly01,1,52,9,99,2,0,27,true,
981,Shark mouth,,Decal_borntofly02,1,52,9,99,2,0,27,true,
982,Blue sky,,Pic_Chameleon_SkyBlue,1,10,7,99,5,0,27,true,
983,Feathered serpent,,CarPart_Aztec_Snake,1,60,6,99,3,0,27,true,
984,Mexican guitar,,CarPart_Guitar,1,2,6,99,2,0,27,true,
985,Diego,,CarPart_Skull_Bobblehead,1,2,6,99,3,0,27,true,
986,Taco,,CarPart_Tako,1,2,6,99,4,0,27,true,
988,Diego's ghost,,Decal_halloween07,1,52,9,99,3,0,27,true,
989,Reservoir dogs,,Decal_halloween08,1,52,9,99,3,0,27,true,
990,Foggy path,,Decal_halloween09,1,52,9,99,2,0,27,true,
991,Night of disaster,,Decal_halloween10,1,52,9,1,2,0,32,true,
992,From the skies to a candle,,Decal_mexicanpack01,1,52,9,99,2,0,27,true,
993,Find break dance,,Decal_mexicanpack02,1,52,9,99,2,0,27,true,
994,The shaker's not gonna fix itself,,Decal_mexicanpack03,1,52,9,99,2,0,27,true,
995,Duty. Honour. Trombone,,Decal_mexicanpack04,1,52,9,99,2,0,27,true,
996,With guitars in our hearts,,Decal_mexicanpack05,1,52,9,99,2,0,27,true,
997,The proud the fierce the squeaky,,Decal_mexicanpack06,1,52,9,99,2,0,27,true,
998,Daughter,,Decal_mexicanpack07,1,52,9,99,2,0,27,true,
999,The Collector,,Decal_mexicanpack08,1,52,9,99,2,0,27,true,
1000,Shaman,,Decal_mexicanpack09,1,52,9,99,2,0,27,true,
1001,Major,,Decal_mexicanpack10,1,52,9,99,2,0,27,true,
1002,Watchman,,Decal_mexicanpack11,1,52,9,99,2,0,27,true,
1003,Warlord,,Decal_mexicanpack12,1,52,9,99,2,0,27,true,
1004,Scientist,,Decal_mexicanpack13,1,52,9,99,2,0,27,true,
1005,Calavera,,Decal_mexicanpack14,1,52,9,99,2,0,27,true,
1006,Eagle & snake,,Decal_mexicanpack15,1,52,9,99,2,0,27,true,
1007,Festive cactus,,Decal_mexicanpack16,1,52,9,99,2,0,27,true,
1008,Violet gloss,,Dye_Cham_VioletBlack,1,10,7,99,5,0,27,true,
1009,Matte ultraviolet,,Pic_Cham_AnodizedBlueViolet,1,10,7,99,5,0,27,true,
1010,Leaf fall,,pic_Сham_OrangeRed,1,10,7,1,3,0,32,true,
1011,Emily,,CarPart_Gun_MGL_rare,1,61,2,99,6,0,26,true,
1012,Rupture,,CarPart_Gun_Shotgun_Corner,1,26,2,2,3,5,26,true,
1014,Locust,,CarPart_AutoGuidedCourseGun_Epic2,1,32,2,99,3,0,26,true,
1015,Lacerator,,CarPart_ChainSaw_dble_epic,1,69,2,99,3,0,26,true,
1017,Harness XXI,,CarPart_Hologram_Deers,1,81,6,99,3,0,27,true,
1018,Snowflake,,CarPart_Spinning_Wheel_Cover,1,70,9,99,4,0,27,true,
1021,Cold stars,,Decal_nyear2019_flakes,1,52,9,99,2,0,27,true,
1022,Icy pattern,,Decal_nyear2019_frozen_flame,1,52,9,99,2,0,27,true,
1023,Contagion,,Decal_Oracle_Bundle,1,52,9,99,2,0,27,true,
1024,Quicksilver,,metal_BlackIron,1,10,7,99,4,0,27,true,
1025,Pixel camo,,Pic_CamoPixel01,1,10,7,99,2,0,27,true,
1026,Palette,,pic_CamouflageRacecar01,1,10,7,99,4,0,27,true,
1027,Ice crystal,,Pic_Cham_LaserChrome01,1,10,7,99,5,0,27,true,
1029,R-37-39 Adapter,,CarPart_Gun_Carabine,1,71,2,99,3,0,26,true,
1030,Hydraulic lines,,CarPart_Oracle_2x4_Bundle,1,2,6,99,1,0,27,true,
1031,Hydraulic adapter,,CarPart_Oracle_4x4_Bundle,1,2,6,99,1,0,27,true,
1032,EYE,,CarPart_Oracle_Eye_Bundle,1,2,6,99,3,0,27,true,
1037,Photochrome,,Pic_chameleon_BlueRed,1,10,7,99,4,0,27,true,
1039,Golden Tiger,,pic_GoldTiger,1,10,7,99,3,0,27,true,
1040,Ravager plating,,Pic_Oracle,1,10,7,99,5,0,27,true,
1042,Omnibox,,Cabin_Workers_epic,1,5,1,8,3,43,32,true,
1044,Corner railing,,CarPart_Exhaust_Ironlattice1,1,2,6,8,1,3,27,true,
1045,Railing,,CarPart_Exhaust_Ironlattice2,1,2,6,8,1,13,27,true,
1046,Service ladder,,CarPart_Exhaust_Ironlattice3,1,2,6,8,1,17,27,true,
1047,Exhaust system,,CarPart_Exhaust_Workers,1,2,6,8,6,37,27,true,
1048,Cold exhaust,,CarPart_Exhaust_Workers2,1,2,6,8,2,30,27,true,
1049,Prosecutor 76mm,,CarPart_Gun_BigCannon_EX_Preepic,1,6,2,4,6,3,33,true,
1050,ZS-33 Hulk,,CarPart_Gun_BigCannon_Free_Preepic,1,31,2,4,6,3,26,true,
1051,AC50 Storm,,CarPart_Gun_Cannon_Preepic,1,3,2,3,6,3,26,true,
1052,Assembler,,CarPart_Gun_LightningGun,1,78,2,8,4,59,26,true,
1053,Sinus-0,,CarPart_Gun_Machinegun_Preepic,1,18,2,3,6,3,32,true,
1054,Summator,,CarPart_Gun_NailGun_rare,1,72,2,8,6,2,26,true,
1055,Blockchain,,CarPart_Gun_Plasma_Cutter,1,79,2,8,3,22,26,true,
1056,Trigger,,CarPart_Gun_Plasma_Drill,1,80,2,8,3,51,26,true,
1057,Mace,,CarPart_Gun_Shotgun_Preepic,1,26,2,2,6,3,26,true,
1058,Bigram,,CarPart_MechaWheelLeg,1,41,4,8,3,36,31,true,
1060,AD-13 Hawk,,CarPart_Quadrocopter_preepic,1,9,2,3,6,4,26,true,
1061,Annihilator,,CarPart_Quadrocopter_Syfy,1,9,2,8,4,74,33,true,
1062,Verifier,,CarPart_Stealth_Seeker_epic,1,23,3,8,3,29,26,true,
1065,T4 Python,,CarPart_TurretDeployer_Preepic,1,30,2,4,6,4,26,true,
1066,Array,,CarPart_Wheel_Work,1,74,4,8,6,9,26,true,
1067,Array ST,,CarPart_Wheel_Work_S,1,74,4,8,6,16,26,true,
1068,External tank,,CarPart_Workers_Boxes01,1,2,6,8,2,31,27,true,
1069,Cold storage,,CarPart_Workers_Boxes02,1,2,6,8,2,23,27,true,
1070,Flasher lamp,,CarPart_Workers_Flashers1,1,2,6,8,2,45,27,true,
1071,Alarm light,,CarPart_Workers_Flashers2,1,2,6,8,6,62,27,true,
1072,Flashing beacon,,CarPart_Workers_Flashers3,1,2,6,8,4,75,27,true,
1073,LED matrix,,CarPart_Workers_Flashers4,1,2,6,8,3,70,27,true,
1074,Detour,,CarPart_Workers_Hologram1,1,81,6,8,3,66,27,true,
1075,Chief engineer,,CarPart_Workers_Hologram2,1,81,6,8,3,44,27,true,
1076,Roadwork,,CarPart_Workers_Hologram3,1,81,6,8,3,60,27,true,
1077,Left side mirror,,CarPart_Workers_MirrorsL,1,2,6,99,6,0,27,true,
1078,Right side mirror,,CarPart_Workers_MirrorsR,1,2,6,99,6,0,27,true,
1080,Corrosive,,Decal_workers1,1,52,9,8,6,12,27,true,
1081,Flammable solid,,Decal_workers2,1,52,9,8,6,26,27,true,
1082,Road work ahead,,Decal_workers3,1,52,9,8,6,40,27,true,
1083,Do not block,,Decal_workers4,1,52,9,8,6,56,27,true,
1084,Founders only,,Decal_workers5,1,52,9,8,6,72,27,true,
1085,Physical hazard,,Decal_workers6,1,52,9,8,2,20,27,true,
1086,Traffic warning,,Decal_workers7,1,52,9,8,2,41,27,true,
1087,Yellow gloss,,metal_Yellow02,1,10,7,8,2,4,27,true,
1089,Yellow grid,,pic_Workers01,1,10,7,8,6,38,27,true,
1090,Dark chrome,,pic_Workers02,1,10,7,8,6,53,27,true,
1092,Mobile harvest,,CarPart_Flowerbed,1,2,6,99,3,0,27,true,
1096,Explosive colours,,Decal_14feb17,1,52,9,99,6,0,27,true,
1097,Love,,Decal_14feb18,1,52,9,99,6,0,27,true,
1098,Flower children,,Decal_14feb19,1,52,9,99,6,0,27,true,
1100,Wasteland in bloom,,Pic_14feb2020,1,10,7,99,3,0,27,true,
1107,Decorative grille 1,,CarPart_Dogs_of_War_Passive_Armor01,1,2,6,99,3,0,27,true,
1108,Decorative grille 2,,CarPart_Dogs_of_War_Passive_Armor02,1,2,6,99,3,0,27,true,
1110,ATGM Flute,,CarPart_Improv_HomingMissileLauncher_epic,1,117,2,99,3,0,26,true,
1115,S.W.A.F.,,Decal_dow01,1,52,9,99,3,0,27,true,
1116,Shoulder mark,,Decal_dow02,1,52,9,99,3,0,27,true,
1117,Unit code,,Decal_dow03,1,52,9,99,3,0,27,true,
1118,Service number,,Decal_dow04,1,52,9,99,3,0,27,true,
1119,Warning line,,Decal_dow05,1,52,9,99,3,0,27,true,
1120,Smog,,Dye_Grey04,1,10,7,99,4,0,27,true,
1121,Composite armor,,Pic_DogsOfWar01,1,10,7,99,4,0,27,true,
1123,Cohort,,Cabin_Military_cab4,1,56,1,5,4,74,26,true,
1124,Nova,,Cabin_Scientists_Cab4,1,5,1,6,4,50,31,true,
1125,Griffon,,Cabin_Tribal_cab2,1,55,1,7,4,23,26,true,
1126,Pyralid,,CarPart_AutoGuidedCourseGun_Nurs_Preepic,1,32,2,7,6,2,26,true,
1127,Large decorative grille 1,,CarPart_Dogs_of_War_Passive_Armor03,1,2,6,99,3,0,27,true,
1128,Large decorative grille 2,,CarPart_Dogs_of_War_Passive_Armor04,1,2,6,99,3,0,27,true,
1130,Exhaust module,,CarPart_Exhaust_Scientists_Quad,1,2,6,99,6,33,27,true,
1131,Power unit,,CarPart_FusionSpec,1,83,3,99,3,0,26,true,
1132,Whirl,,CarPart_Gun_CloseCombatCannon,1,3,2,5,3,57,26,true,
1133,Toadfish,,CarPart_Gun_DoubleCrossbow,1,11,2,99,4,0,32,true,
1134,Arothron,,CarPart_Gun_MiddleRangeShotgun,1,26,2,99,3,0,26,true,
1135,King,,CarPart_Gun_MineLauncher_Legend,1,20,2,99,3,0,26,true,
1136,Leech,,CarPart_Gun_Shotgun_Frontal_Preepic,1,26,2,99,6,0,26,true,
1137,Gravastar,,CarPart_Gun_Syfy_ShotGun,1,84,2,6,3,32,26,true,
1138,Doomsday cars,,CarPart_Hologram_Doom,1,81,6,99,3,75,27,true,
1139,Wingbeat,,CarPart_Hologram_German,1,81,6,99,3,0,27,true,
1140,Supercharger,,CarPart_Military_Exhaust1,1,2,6,5,6,0,27,true,
1141,Twin lamp,,CarPart_Military_Lights1,1,85,6,99,3,0,27,true,
1142,Left grilled lamp,,CarPart_Military_Lights2_L,1,85,6,5,3,0,27,true,
1143,Right grilled lamp,,CarPart_Military_Lights2_R,1,85,6,5,3,0,27,true,
1144,Loader,,CarPart_Military_WorkHand1,1,2,6,5,4,54,27,true,
1146,Martin's helmet,,CarPart_RavenTriumph,1,2,6,99,3,0,27,true,
1147,LED headlights,,CarPart_Scientists_Lights1,1,85,6,99,3,0,27,true,
1148,Explorer,,CarPart_Scientists_WorkHand1,1,2,6,6,4,25,27,true,
1151,Left firebrand,,CarPart_Tribal_Backlight_L,1,68,6,7,3,8,27,true,
1152,Right firebrand,,CarPart_Tribal_Backlight_R,1,68,6,7,3,8,27,true,
1153,Hangman,,CarPart_Tribal_Crane,1,2,6,7,4,4,27,true,
1154,Chimney pipe,,CarPart_Tribal_Exhaust_Single_03,1,2,6,7,6,20,27,true,
1156,Insignia,,Decal_dow06,1,52,9,99,3,0,27,true,
1157,Unit code 2,,Decal_dow07,1,52,9,99,3,0,27,true,
1158,Service number 2,,Decal_dow08,1,52,9,99,3,0,27,true,
1159,Warning,,Decal_dow09,1,52,9,8,3,41,27,true,
1160,Check your resist,,Decal_Military,1,52,9,99,6,65,27,true,
1161,Bloody wing,,Decal_ravens01,1,52,9,99,2,0,27,true,
1162,Winged hunter,,Decal_ravens02,1,52,9,99,2,0,27,true,
1163,Raven days,,Decal_ravens03,1,52,9,99,6,0,27,true,
1164,Raven tag,,Decal_ravens04,1,52,9,99,3,0,27,true,
1165,Lightning strike,,Decal_Scientists,1,52,9,99,6,35,27,true,
1166,Burning torch,,Decal_Tribal,1,52,9,99,6,0,27,true,
1167,Dark green,,Dye_Green05,1,10,7,99,4,0,27,true,
1168,Ceramic armor,,Pic_DogsOfWar02,1,10,7,99,4,0,27,true,
1169,Wolf's howl,,pic_Military01,1,10,7,99,3,0,27,true,
1170,Burnished steel,,pic_RavenIron,1,10,7,99,6,0,27,true,
1171,Damascus steel,,pic_RavenPattern,1,10,7,99,3,0,27,true,
1172,New dawn,,pic_Scientists01,1,10,7,6,3,41,27,true,
1173,Aerodynamic headlight,,CarPart_Avia_Style_Lights,1,85,6,99,3,0,27,true,
1174,Number '0',,Decal_number00,1,52,9,99,1,0,27,true,
1175,Number '2',,Decal_number02,1,52,9,99,1,0,27,true,
1176,Number '3',,Decal_number03,1,52,9,99,1,0,27,true,
1177,Number '5',,Decal_number05,1,52,9,99,1,0,27,true,
1178,Number '8',,Decal_number08,1,52,9,99,1,0,27,true,
1179,Number '12',,Decal_number12,1,52,9,99,1,0,27,true,
1180,Number '13',,Decal_number13,1,52,9,99,1,0,27,true,
1181,Number '33',,Decal_number33,1,52,9,99,1,0,27,true,
1182,Cyan,,Pic_Football05,1,10,7,99,6,0,27,true,
1183,Azure surf,,pic_Football06_2020,1,10,7,99,3,0,27,true,
1184,Bright greenery,,pic_Football07_2020,1,10,7,99,3,0,27,true,
1185,Orange sky,,pic_Football08_2020,1,10,7,99,3,0,27,true,
1186,Summer sunset,,pic_Football09_2020,1,10,7,99,3,0,27,true,
1187,Warm twilight,,pic_Football10_2020,1,10,7,99,3,0,27,true,
1188,Oak wood,,pic_Football11_2020,1,10,7,99,3,0,27,true,
1189,Caramel clouds,,pic_Football12_2020,1,10,7,99,3,0,27,true,
1190,Pink sunrise,,pic_Football13_2020,1,10,7,99,3,0,27,true,
1191,Call of the Flame,,pic_Tribal01,1,10,7,99,3,6,27,true,
1192,Cockpit,,Cabin_Moby_935,1,55,1,99,3,0,27,true,
1193,Rolling wave 1,,Decal_moby935_01,1,52,9,99,3,0,27,true,
1194,Rolling wave 2,,Decal_moby935_02,1,52,9,99,3,0,27,true,
1195,Number '935',,Decal_moby935_03,1,52,9,99,3,0,27,true,
1196,Boost systems,,Decal_moby935_04,1,52,9,99,3,0,27,true,
1197,Blue gloss,,Dye_Blue4_glossy,1,10,7,99,4,0,27,true,
1198,Cyan gloss,,Dye_Cyan2_glossy,1,10,7,99,4,0,27,true,
1199,Carmine gloss,,Dye_Red5_glossy,1,10,7,99,4,0,27,true,
1200,Pale yellow gloss,,Dye_Yellow1_glossy,1,10,7,99,4,0,27,true,
1202,ZS-52 Mastodon,,CarPart_Gun_BigCannon_Free_Relic,1,31,2,1,5,20,26,true,
1203,Median,,CarPart_Gun_Cannon_Oneshot_preepic,1,86,2,99,6,0,32,true,
1204,Flash I,,CarPart_Gun_Syfy_Tesla_relic,1,87,2,1,5,20,26,true,
1205,Spoiler,,CarPart_Moby_Spoiler,1,2,6,99,6,0,42,true,
1206,Argus,,CarPart_Quadrocopter_SelfDefence,1,88,3,99,3,0,26,true,
1210,Beholder,,Cabin_Bell_Uh1_Oracle,1,5,1,3,4,70,31,true,
1211,Nest,,CarPart_HomingMissileLauncherLockOn_epic,1,102,2,4,3,52,26,true,
1212,Hermit,,CarPart_WheelMedium_epic,1,74,4,2,3,16,26,true,
1213,Hermit ST,,CarPart_WheelMedium_epic_S,1,74,4,2,3,34,26,true,
1215,Dusk,,Cabin_Halloween2020_Cab,1,55,1,99,3,0,42,true,
1216,LED «Soaring bat»,,CarPart_Led_Panel_bat,1,2,6,99,4,0,27,true,
1217,LED «Jack»,,CarPart_Led_Panel_pumpkin,1,2,6,99,4,0,27,true,
1218,Pink Panther,,Pic_CamoHair01,1,10,7,99,4,0,27,true,
1219,Kaleidoscope,,Pic_Chameleons01,1,10,7,99,4,0,27,true,
1220,Leaf fall,,pic_Cham_OrangeRed,1,10,7,99,3,0,27,true,
1221,Pale shadow,,Pic_Halloween2020_1,1,10,7,99,4,0,27,true,
1222,Phantom menace,,Pic_Halloween2020_2,1,10,7,99,4,0,27,true,
1223,Evil spectre,,Pic_Halloween2020_3,1,10,7,99,4,0,27,true,
1224,Ocean spirit,,Pic_Halloween2020_4,1,10,7,99,4,0,27,true,
1225,Illusion of life,,Pic_Halloween2020_5,1,10,7,99,4,0,27,true,
1226,Winter ghost,,Pic_Halloween2020_6,1,10,7,99,4,0,27,true,
1228,Snowfall,,CarPart_Gun_Missile_3x_Front_epic,1,90,2,99,3,0,26,true,
1229,Sledge XXII,,CarPart_Hologram_NY2021,1,81,6,99,3,0,27,true,
1230,Bigfoot spare,,CarPart_SpareTire_Tribal,1,2,6,99,3,0,27,true,
1231,Cold sun,,Decal_nyear2021_xmasbundle01,1,52,9,99,3,0,27,true,
1232,Frosty trail,,Decal_nyear2021_xmasbundle02,1,52,9,99,3,0,27,true,
1234,Red crystal,,Pic_chameleon_AnodizedDarkRed,1,10,7,99,5,0,27,true,
1237,Jannabi,,Cabin_CyberEast_Cab1,1,55,1,9,3,41,27,true,
1238,Yokozuna,,Cabin_CyberEast_Cab2,1,56,1,9,4,75,26,true,
1239,Kuwagata,,CarPart_CyberEast_Exhaust_01,1,2,6,9,3,31,27,true,
1240,Engine roar,,CarPart_CyberEast_Hologram01,1,81,6,9,3,52,27,true,
1241,Feng shui,,CarPart_CyberEast_Hologram02,1,81,6,9,3,63,27,true,
1242,Short orange lamp,,CarPart_CyberEast_Neon_2_01,1,85,6,9,6,7,27,true,
1243,Orange lamp,,CarPart_CyberEast_Neon_4_01,1,85,6,9,3,38,27,true,
1244,Long orange lamp,,CarPart_CyberEast_Neon_6_01,1,85,6,9,3,48,27,true,
1245,Fukigayeshi,,CarPart_CyberEast_Spoiler_01,1,2,6,9,3,20,27,true,
1246,Wakidate,,CarPart_CyberEast_Spoiler_02,1,2,6,9,4,64,27,true,
1247,Kaiju,,CarPart_Gun_Coilgun_Legend,1,92,2,9,4,57,31,true,
1248,Yaoguai,,CarPart_Gun_DroneLauncher_epic,1,93,2,9,3,24,26,true,
1249,Enlightenment,,CarPart_Gun_SpyModule_epic,1,94,2,9,3,32,26,true,
1250,Jubokko,,CarPart_Gun_TurretHarpoonLauncher_legendary,1,20,2,9,4,66,27,true,
1251,Tempura,,CarPart_PlasmaSaw_preepic,1,91,2,9,6,8,31,true,
1252,Omni,,CarPart_Wheel_Ilon,1,127,4,9,3,49,32,true,
1253,Camber,,CarPart_Wheel_Stance,1,75,4,9,6,11,26,true,
1254,Camber ST,,CarPart_Wheel_Stance_S,1,75,4,9,6,16,26,true,
1255,Noppera-bo,,Decal_cybereast01,1,52,9,9,4,3,27,true,
1256,Aggression,,Decal_cybereast02,1,52,9,9,6,10,27,true,
1257,Way of the samurai,,Decal_cybereast03,1,52,9,9,3,13,27,true,
1258,Sea spirit,,Decal_cybereast04,1,52,9,9,3,68,27,true,
1259,Demon of the east,,Decal_cybereast05,1,52,9,9,4,71,27,true,
1260,Raiju,,Decal_cybereast06,1,52,9,9,6,35,27,true,
1261,Oni,,Decal_cybereast07,1,52,9,9,3,44,27,true,
1262,Jigoku,,Decal_cybereast08,1,52,9,9,4,47,27,true,
1263,Shojo,,Decal_cybereast09,1,52,9,9,4,39,27,true,
1264,Bang-bang!,,Decal_cybereast10,1,52,9,9,6,51,27,true,
1265,Hyakutake,,Decal_cybereast11,1,52,9,9,3,22,27,true,
1266,Lollybomb,,Decal_cybereast12,1,52,9,9,3,54,27,true,
1267,AE86,,Decal_cybereast13,1,52,9,9,6,59,27,true,
1268,Ra-ta-ta-ta!,,Decal_cybereast14,1,52,9,9,6,62,27,true,
1269,Don''t blink!,,Decal_cybereast15,1,52,9,99,6,0,27,true,
1270,Quick start,,Decal_cybereast16,1,52,9,9,6,26,27,true,
1271,Try to keep up!,,Decal_cybereast17,1,52,9,9,6,19,27,true,
1272,Valentine,,Dye_Valentine2016,1,10,7,99,3,0,27,true,
1274,Uncertain world,,pic_CyberEast_01,1,10,7,9,3,55,27,true,
1275,Tranquility,,pic_CyberEast_02,1,10,7,9,3,45,27,true,
1276,Corporate style,,pic_CyberEast_03,1,10,7,9,3,72,27,true,
1278,Short blue lamp,,CarPart_CyberEast_Neon_2_02,1,85,6,99,4,0,27,true,
1279,Blue lamp,,CarPart_CyberEast_Neon_4_02,1,85,6,99,4,0,27,true,
1280,Long blue lamp,,CarPart_CyberEast_Neon_6_02,1,85,6,99,4,0,27,true,
1281,Yongwang,,CarPart_Gun_GrenadeLauncher_Burst,1,15,2,99,3,0,27,true,
1282,Stinger,,CarPart_Hologram_Scorpio_Tail,1,81,6,99,3,0,27,true,
1283,Black scorpion,,Decal_scorpio01,1,52,9,99,4,0,27,true,
1284,Desert ranger,,Decal_scorpio02,1,52,9,99,4,0,27,true,
1286,Chitin,,pic_Arachnida_01,1,10,7,99,4,0,27,true,
1287,Toxin,,pic_Arachnida_02,1,10,7,99,4,0,27,true,
1288,Dark gold,,pic_cham_AnodizedGold,1,10,7,99,4,0,27,true,
1290,Azure dragon,,pic_CyberEast_04,1,10,7,99,4,0,27,true,
1292,Tank headlight,,CarPart_Military_Lights3,1,85,6,99,3,0,29,true,
1293,Tank track,,CarPart_TankTrackBig_dow,1,29,4,99,3,0,29,true,
1294,Star ranks,,Decal_9may32,1,52,9,99,3,0,29,true,
1295,Liquidator,,Decal_9may33,1,52,9,99,3,0,29,true,
1296,Reborn,,Decal_9may34,1,52,9,99,3,0,29,true,
1297,Wheel of choice,,Decal_dow10,1,52,9,99,3,0,29,true,
1298,War falcon,,Decal_dow11,1,52,9,99,3,0,29,true,
1299,9113,,Decal_dow12,1,52,9,99,3,0,29,true,
1300,1,,Decal_dow13,1,52,9,99,3,0,29,true,
1301,Rough sand,,Dye_Sand05,1,10,7,99,4,0,29,true,
1303,Combat camouflage,,Pic_Camo15,1,10,7,99,4,0,29,true,
1304,Dynamic armour,,pic_DogsOfWar03,1,10,7,99,4,0,29,true,
1306,Machinist,,Cabin_Junk_Cab1,1,56,1,4,4,73,32,true,
1307,Aggressor,,Cabin_Raider_Cab1,1,55,1,2,3,50,32,true,
1308,Navigator,,CarPart_BattlePass05_Hologram01,1,81,6,3,3,6,30,true,
1309,Wrath of Khan,,CarPart_BattlePass05_Hologram02,1,81,6,2,3,59,30,true,
1310,Indicator,,CarPart_BattlePass05_Hologram03,1,81,6,4,3,69,30,true,
1311,KA-2 Flywheel,,CarPart_Cooldown_Accelerator_epic,1,96,3,4,3,35,30,true,
1312,KA-1 Discharger,,CarPart_Cooldown_Accelerator_preepic,1,96,3,4,6,7,30,true,
1313,AC80 Stillwind,,CarPart_Gun_CannonLong_legend,1,3,2,3,4,65,30,true,
1314,Thresher,,CarPart_Gun_Grenade_Launcher_epic,1,15,2,3,3,43,33,true,
1315,M-32 Vindicator,,CarPart_Gun_Machinegun_Frontal_legend,1,13,2,3,4,57,30,true,
1316,Gremlin,,CarPart_Gun_Shotgun_Fixed_epic,1,26,2,2,3,28,30,true,
1317,Duckling,,CarPart_SocialDuck_China,1,2,6,99,3,0,42,true,
1318,Buggy wheel,,CarPart_Wheel_Raider_01_epic,1,75,4,2,3,14,30,true,
1319,Buggy wheel ST,,CarPart_Wheel_Raider_01_epic_S,1,75,4,2,3,21,30,true,
1320,Ejection,,Decal_nomads02,1,52,9,99,3,45,30,true,
1321,Sector,,Decal_nomads03,1,52,9,99,6,23,30,true,
1322,Signs,,Decal_nomads04,1,52,9,99,2,3,30,true,
1323,Stay away,,Decal_raider08,1,52,9,99,3,52,30,true,
1324,Scratched stripes,,Decal_raider09,1,52,9,99,2,9,30,true,
1325,Speed,,Decal_raider10,1,52,9,99,6,30,30,true,
1326,Tram,,Decal_scav05,1,52,9,99,4,67,30,true,
1327,Intersection,,Decal_scav06,1,52,9,99,2,16,30,true,
1328,Recycling,,Decal_scav07,1,52,9,99,6,37,30,true,
1330,Aircraft covering,,pic_Avia_01,1,10,7,99,4,74,30,true,
1331,Deterioration,,pic_Junk_01,1,10,7,99,3,62,30,true,
1332,Graffiti,,pic_Raider_01,1,10,7,99,3,20,30,true,
1334,Deadman,,Cabin_CyberEast_Cab3,1,55,1,99,3,0,32,true,
1335,Flag 'Steel championship 2051',,CarPart_Banner_Football,1,2,6,99,3,0,42,true,
1336,Seal of authenticity,,CarPart_CyberEast_Hologram03,1,81,6,99,3,0,32,true,
1337,Short yellow lamp,,CarPart_CyberEast_Neon_2_03,1,85,6,99,3,0,32,true,
1338,Yellow lamp,,CarPart_CyberEast_Neon_4_03,1,85,6,99,3,0,42,true,
1339,Long yellow lamp,,CarPart_CyberEast_Neon_6_03,1,85,6,99,3,0,42,true,
1340,Claw,,CarPart_MotoWheel_S,1,97,4,99,3,0,32,true,
1341,Low clearance ST,,CarPart_WheelSmall_RS_R17,1,75,4,99,2,0,37,true,
1342,Low clearance,,CarPart_WheelSmall_S_R17,1,75,4,99,2,0,37,true,
1343,Sports coloring,,Decal_football11,1,52,9,99,4,0,42,true,
1344,Avid fan,,Decal_football12,1,52,9,99,4,0,42,true,
1345,lnflamed memory,,Dye_Scientist_bundle,1,10,6,99,4,0,42,true,
1348,Nephrite,,Pic_cybereast_bundle_02,1,10,7,99,4,0,32,true,
1349,Breath of darkness,,Pic_cybereast_bundle_02_deluxe,1,10,7,99,4,0,32,true,
1350,Shades of victory,,pic_Football14_2021,1,10,7,99,4,0,42,true,
1351,Noble blue,,pic_Football15_2021,1,10,7,99,4,0,42,true,
1352,Priming,,Pic_shabby_bundle,1,10,7,99,4,0,42,true,
1354,Pattern: Turtle,,pic_TurtleShell01,1,0,0,1,1,0,32,true,
1355,Left excavator headlight,,CarPart_Bulldozer_Headlight_L,1,85,6,8,3,8,33,true,
1356,Right excavator headlight,,CarPart_Bulldozer_Headlight_R,1,85,6,8,3,8,33,true,
1357,Parser,,CarPart_Gun_MiddleRangeShotgun_legend,1,26,2,8,4,41,33,true,
1358,Argument,,CarPart_Gun_NailGun_epic,1,72,2,8,3,15,33,true,
1359,Destructor,,CarPart_Gun_Plasma_Drill_legendary,1,80,2,8,4,32,33,true,
1360,Bootstrap,,CarPart_PowerGiver_epic2,1,14,3,8,3,24,33,true,
1361,Fracture,,Decal_workers10,1,52,9,8,3,18,33,true,
1362,Dead end,,Decal_workers11,1,52,9,8,3,27,33,true,
1363,Work process,,Decal_workers8,1,52,9,8,3,3,33,true,
1364,Heavy load,,Decal_workers9,1,52,9,8,3,10,33,true,
1368,Orange grid,,pic_Workers03,1,10,7,8,3,5,33,true,
1369,Perforation,,pic_Workers04,1,10,7,8,4,46,33,true,
1370,Wings of hope,,CarPart_Engineers_Hologram1,1,81,6,99,3,0,42,true,
1371,M-25 Guardian,,CarPart_Gun_Machinegun_Frontal_Preepic,1,13,2,1,6,0,37,true,
1372,Waltz,,CarPart_Gun_Missile_3xSpiral_Legend,1,98,2,1,4,0,37,true,
1373,Jormungandr,,CarPart_Gun_ShotGun_Garbage_relic,1,26,2,7,5,0,42,true,
1374,Old videotape,,CarPart_Halloween_Hologram01,1,81,6,99,3,0,42,true,
1375,Fog headlights,,CarPart_OffroadLight,1,85,6,99,3,0,42,true,
1376,Averter,,CarPart_Resist_Fslot_epic,1,99,3,1,3,0,37,true,
1377,Here's Pete,,Decal_halloween11,1,52,9,99,3,0,42,true,
1378,The Ring,,Decal_halloween12,1,52,9,99,3,0,42,true,
1379,Black square,,Decal_shape_01_black,1,52,9,99,3,0,42,true,
1380,White square,,Decal_shape_01_white,1,52,9,99,3,0,42,true,
1381,Black circle,,Decal_shape_02_black,1,52,9,99,3,0,42,true,
1382,White circle,,Decal_shape_02_white,1,52,9,99,3,0,42,true,
1383,Black triangle,,Decal_shape_03_black,1,52,9,99,3,0,42,true,
1384,White triangle,,Decal_shape_03_white,1,52,9,99,3,0,42,true,
1385,Black corner,,Decal_shape_04_black,1,52,9,99,3,0,42,true,
1386,White corner,,Decal_shape_04_white,1,52,9,99,3,0,42,true,
1388,Heavy sky,,pic_Engineers_01,1,10,7,99,3,0,42,true,
1389,Steel coating,,pic_Engineers_02,1,10,7,99,4,0,42,true,
1390,Shining,,pic_Halloween2021_1,1,10,7,99,6,0,42,true,
1391,Sweater,,pic_Halloween2021_2,1,10,7,99,3,0,42,true,
1393,Master,,Cabin_Engineers_Cab1_Fslot,1,55,1,1,4,0,37,true,
1396,Short red lamp,,CarPart_CyberEast_Neon_2_04,1,85,6,99,3,0,42,true,
1397,Red lamp,,CarPart_CyberEast_Neon_4_04,1,85,6,99,3,0,42,true,
1398,Long red lamp,,CarPart_CyberEast_Neon_6_04,1,85,6,99,3,0,42,true,
1399,Yokai,,CarPart_Gun_MissileLauncherPlasma_epic,1,100,2,9,3,0,37,true,
1400,Interceptor,,CarPart_Interceptor,1,88,3,99,3,0,38,true,
1401,Before the thunderstorm,,Decal_cybereast18,1,52,9,99,3,0,42,true,
1402,Fox's squint,,Decal_cybereast19,1,52,9,99,3,0,42,true,
1404,Fox tail,,Pic_cybereast_bundle_03,1,10,7,99,4,0,42,true,
1405,Breath of a snowstorm,,Pic_cybereast_bundle_03_deluxe,1,10,7,99,4,0,42,true,
1407,Snowing,,CarPart_Hologram_Bundle_NY2022,1,81,6,99,3,0,42,true,
1408,Short fairy lights,,CarPart_Nyear_Makeup_Light_2,1,85,6,99,6,0,42,true,
1409,Fairy lights,,CarPart_Nyear_Makeup_Light_4,1,85,6,99,3,0,42,true,
1410,Long fairy lights,,CarPart_Nyear_Makeup_Light_6,1,85,6,99,3,0,42,true,
1411,Member of the expedition,,Decal_nyear2022_bundle_01,1,52,9,99,4,0,42,true,
1412,Icicles,,Decal_nyear2022_bundle_02,1,52,9,99,3,0,42,true,
1413,Hoar rime,,Dye_NewYear2022_bundle_deluxe,1,10,7,99,4,0,42,true,
1416,Hadron,,Cabin_CDAveraging,1,5,1,6,4,0,42,true,
1417,Sword of Damocles,,CarPart_BattlePass08_Hologram,1,81,6,99,3,0,42,true,
1418,SD-1 5 Vulture,,CarPart_Gun_DroneLauncher_Legend,1,93,2,3,4,0,42,true,
1419,AC62 Therm,,CarPart_Gun_Lcannon_Preepic,1,3,2,3,6,0,42,true,
1420,Ripper,,CarPart_Gun_SawLauncher,1,101,2,7,5,0,42,true,
1421,Eye socket,,CarPart_Headlights22_02,1,85,6,99,3,0,42,true,
1422,Trombone,,CarPart_HomingMissileLauncherSupport_epic,1,102,2,5,3,0,42,true,
1423,Gladiator's mark,,Decal_frenzied22_02_01,1,52,9,99,6,0,42,true,
1424,Gladiator,,Decal_frenzied22_02_02,1,52,9,99,6,0,42,true,
1425,Flamma,,Decal_frenzied22_02_03,1,52,9,99,3,0,42,true,
1426,The die is cast,,Decal_frenzied22_02_04,1,52,9,99,3,0,42,true,
1428,Gladiator's skin,,pic_Frenzied_01,1,10,7,99,3,0,42,true,
1429,Tenacious man,,pic_Frenzied_02,1,10,7,99,4,0,42,true,
1431,Ermak,,Cabin_Explorer,1,56,1,99,3,0,42,true,
1432,Northern lights,,CarPart_explorer_hologram,1,81,6,99,3,0,42,true,
1433,Left rover mirror,,CarPart_explorer_mirror_01_l,1,2,6,99,6,0,42,true,
1434,Right rover mirror,,CarPart_explorer_mirror_01_r,1,2,6,99,6,0,42,true,
1435,Astraeus,,CarPart_Gun_SniperSelfDamage_epic,1,22,2,99,3,0,42,true,
1436,Wing CX,,CarPart_Spoiler_China,1,2,6,1,3,0,32,true,
1437,Jaws,,Decal_hunter02,1,52,9,99,5,0,42,true,
1438,Payment by lead,,Decal_hunter03,1,52,9,99,4,0,42,true,
1439,Historical centre,,Decal_polar01,1,52,9,99,3,0,42,true,
1440,Faces of the past,,Decal_polar02,1,52,9,99,3,0,42,true,
1441,Angel of hope,,Decal_polar03,1,52,9,99,3,0,42,true,
1442,Unsinkable,,Decal_polar04,1,52,9,99,3,0,42,true,
1443,Breakthrough,,Decal_polar05,1,52,9,99,3,0,42,true,
1444,Communication centre,,Decal_polar06,1,52,9,99,3,0,42,true,
1445,Ski run,,Decal_polar07,1,52,9,99,3,0,42,true,
1446,Razor teeth,,Decal_psycho05,1,52,9,99,3,0,42,true,
1447,Far North,,Dye_bundle2022_01,1,10,7,99,6,0,42,true,
1448,Signal orange,,Dye_bundle2022_01_deluxe,1,10,7,99,3,0,42,true,
1450,Dead marshes,,pic_CamouflageSlave1_rework,1,10,7,99,5,0,42,true,
1451,Vandal,,Pic_Raider_02,1,10,7,99,5,0,42,true,
1453,Varun,,CarPart_Gun_TempoCrossbow,1,11,2,99,3,0,42,true,
1454,Sabbath,,CarPart_MotoWheel_01_S,1,97,4,99,3,0,42,true,
1455,Raven's eye,,CarPart_Raiders_light_01,1,85,6,99,3,0,42,true,
1456,Closed circle,,CarPart_Spinning_Wheel_Cover_wheel_spiner_xo,1,70,9,99,4,0,42,true,
1457,Soaring soul,,CarPart_Witch_Hologram,1,81,6,99,3,0,42,true,
1458,Bird spirit,,Decal_arena_bundle01,1,52,9,99,4,0,42,true,
1459,Ritual feather,,Decal_arena_bundle02,1,52,9,99,3,0,42,true,
1460,Scavenger's mark,,Decal_scav03,1,52,9,99,3,0,42,true,
1461,Soot,,Dye_bundle2022_02_deluxe,1,10,7,99,5,0,42,true,
1462,Pecking,,Dye_bundle2022_02_standart,1,10,7,99,4,0,42,true,
1464,Crust,,pic_Junk_02,1,10,7,99,5,0,42,true,
1465,Bluish smoke,,Pic_shabby_bundle_02,1,10,7,99,4,0,42,true,
1468,Kami,,Cabin_Immune,1,55,1,1,4,0,32,true,
1469,Left dokyo,,CarPart_Cybereast_Mirror_01_L,1,2,6,1,3,0,32,true,
1470,Right dokyo,,CarPart_Cybereast_Mirror_01_R,1,2,6,1,3,0,32,true,
1471,Short dark blue lamp,,CarPart_CyberEast_Neon_2_05,1,85,6,1,3,0,32,true,
1472,Dark blue lamp,,CarPart_CyberEast_Neon_4_05,1,85,6,1,3,0,32,true,
1473,Long dark blue lamp,,CarPart_CyberEast_Neon_6_05,1,85,6,1,3,0,32,true,
1474,Omamori,,CarPart_DamageAbsorber_legend,1,99,3,1,4,0,32,true,
1475,AM-5 Avalanche,,CarPart_Gun_BigCannon_Assault_Legend,1,103,2,1,4,0,32,true,
1476,Tempest,,CarPart_Gun_middleCombatCannon,1,3,2,1,6,0,32,true,
1477,Miller,,CarPart_Gun_Minigun_launcher_epic,1,36,2,1,3,0,32,true,
1478,RA-1 Heather,,CarPart_Gun_Rocket_Artillery_Legend,1,104,2,1,4,0,32,true,
1479,Iris,,CarPart_Zoom_Enhancer_preepic,1,105,3,1,6,0,32,true,
1480,Serial number,,Decal_battlepass9_01,1,52,9,1,6,0,32,true,
1481,Rocket fuel only,,Decal_battlepass9_02,1,52,9,1,6,0,32,true,
1482,Stains,,Decal_battlepass9_03,1,52,9,1,6,0,32,true,
1483,Callsign,,Decal_battlepass9_04,1,52,9,1,3,0,32,true,
1484,Dangerous cargo,,Decal_battlepass9_05,1,52,9,1,3,0,32,true,
1485,God of speed,,Decal_battlepass9_06,1,52,9,1,3,0,32,true,
1486,Network,,Decal_battlepass9_07,1,52,9,1,3,0,32,true,
1487,Silhouette,,Decal_battlepass9_08,1,52,9,1,4,0,32,true,
1488,Mandrill,,Decal_battlepass9_09,1,52,9,1,4,0,32,true,
1490,Camouflage: Swimming pool,,pic_battlepass9_1,1,10,7,1,6,0,32,true,
1491,Camouflage: Reinforced concrete,,pic_battlepass9_2,1,10,7,1,6,0,32,true,
1492,Forest mimicry,,pic_battlepass9_3,1,10,7,1,3,0,32,true,
1493,Sand mimicry,,pic_battlepass9_4,1,10,7,1,4,0,32,true,
1494,Space glitch,,pic_battlepass9_5,1,10,7,1,4,0,32,true,
1495,Sky glitch,,pic_battlepass9_6,1,10,7,1,4,0,32,true,
1496,Shaolin,,CarPart_CarHorn_football_simple_02,1,38,6,1,4,0,32,true,
1497,Damage counter,,CarPart_NumericDisplayDecor,1,2,6,1,4,0,32,true,
1498,Chi energy flare,,CarPart_Torch_Green,1,60,6,1,4,0,32,true,
1499,No grip!,,Decal_football13,1,52,9,1,4,0,32,true,
1500,Lucky number,,Decal_football14,1,52,9,1,4,0,32,true,
1501,Master's seal,,Decal_football15,1,52,9,1,4,0,32,true,
1502,Thinner,,Dye_Eraser_Decoration,1,0,0,1,1,0,32,true,
1503,Burning barrel,,Hangar_Break_barrel,1,0,0,1,1,0,32,true,
1504,Red barrels,,Hangar_Break_barrels_flame,1,0,0,1,1,0,32,true,
1505,Barrel cluster,,Hangar_Break_barrels_group,1,0,0,1,1,0,32,true,
1506,Barrel bundle,,Hangar_Break_barrels_group_pallet,1,0,0,1,1,0,32,true,
1507,Rusty mark 50 m,,Hangar_Break_distance050,1,0,0,1,1,0,32,true,
1508,Rusty mark 100 m,,Hangar_Break_distance100,1,0,0,1,1,0,32,true,
1509,Military sign 100 m,,Hangar_Break_distance100_military,1,0,0,1,1,0,32,true,
1510,Rusty mark 150 m,,Hangar_Break_distance150,1,0,0,1,1,0,32,true,
1511,Rusty mark 200 m,,Hangar_Break_distance200,1,0,0,1,1,0,32,true,
1512,Military sign 200 m,,Hangar_Break_distance200_military,1,0,0,1,1,0,32,true,
1513,Military sign 300 m,,Hangar_Break_distance300_military,1,0,0,1,1,0,32,true,
1514,Wire fence,,Hangar_Break_fence_barbwire,1,0,0,1,1,0,32,true,
1515,Fencing,,Hangar_Break_fence_chainlink,1,0,0,1,1,0,32,true,
1516,Woven guard,,Hangar_Break_fence_handhold,1,0,0,1,1,0,32,true,
1517,Gas tank,,Hangar_Break_gas_cylinders,1,0,0,1,1,0,32,true,
1518,Stack of pallets,,Hangar_Break_pallets,1,0,0,1,1,0,32,true,
1519,Small stack of pallets,,Hangar_Break_pallets_small,1,0,0,1,1,0,32,true,
1520,Barricade of bags,,Hangar_Break_sandbags,1,0,0,1,1,0,32,true,
1521,Corner barricade of bags,,Hangar_Break_sandbags_corner,1,0,0,1,1,0,32,true,
1522,Small barricade of bags,,Hangar_Break_sandbags_small,1,0,0,1,1,0,32,true,
1523,Scaffolding,,Hangar_Break_scaffolding,1,0,0,1,1,0,32,true,
1524,Stop sign,,Hangar_Break_sign_stop,1,0,0,1,1,0,32,true,
1525,Triangular road sign,,Hangar_Break_sign_triangle,1,0,0,1,1,0,32,true,
1526,Metal canopy,,Hangar_Break_tent,1,0,0,1,1,0,32,true,
1527,Small metal canopy,,Hangar_Break_tent_small,1,0,0,1,1,0,32,true,
1528,Torch,,Hangar_Break_torch,1,0,0,1,1,0,32,true,
1529,Torch with ring,,Hangar_Break_torch_ring,1,0,0,1,1,0,32,true,
1530,Stack of tyres,,Hangar_Break_tyres,1,0,0,1,1,0,32,true,
1531,Two stacks of tyres,,Hangar_Break_tyres_group,1,0,0,1,1,0,32,true,
1532,Windmill,,Hangar_Break_windmill,1,0,0,1,1,0,32,true,
1533,Damaged windmill,,Hangar_Break_windmill_broken,1,0,0,1,1,0,32,true,
1534,Half arc 6*12*9,,Hangar_Constructor_archhalf_s_6x12x9,1,0,0,1,1,0,32,true,
1535,Slanted beam 6*12*6,,Hangar_Constructor_beam_6x12x6,1,0,0,1,1,0,32,true,
1536,Square platform 6*6*3,,Hangar_Constructor_block_6x6x3,1,0,0,1,1,0,32,true,
1537,Concrete block 6*6*6,,Hangar_Constructor_block_6x6x6,1,0,0,1,1,0,32,true,
1538,Concrete beam 6*12*6,,Hangar_Constructor_block_6x6x6_1x2,1,0,0,1,1,0,32,true,
1539,Concrete beam 6*18*6,,Hangar_Constructor_block_6x6x6_1x3,1,0,0,1,1,0,32,true,
1540,Concrete beam 6*30*6,,Hangar_Constructor_block_6x6x6_1x5,1,0,0,1,1,0,32,true,
1541,Concrete beam 6*9*6,,Hangar_Constructor_block_6x6x9,1,0,0,1,1,0,32,true,
1542,Square platform 12*12*6,,Hangar_Constructor_blocks_concrete_6x6x6_2x2,1,0,0,1,1,0,32,true,
1543,Square platform 30*30*6,,Hangar_Constructor_blocks_concrete_6x6x6_5x5,1,0,0,1,1,0,32,true,
1544,Twin ramp 6*18*3,,Hangar_Constructor_ramp_6x18x3,1,0,0,1,1,0,32,true,
1545,Twin ramp 6*12*6,,Hangar_Constructor_ramp_6x6x12,1,0,0,1,1,0,32,true,
1546,Concrete ramp 6*6*3,,Hangar_Constructor_ramp_6x6x3,1,0,0,1,1,0,32,true,
1547,Large ramp 6*12*6,,Hangar_Constructor_ramp_6x6x3_x2,1,0,0,1,1,0,32,true,
1548,Large ramp 6*18*9,,Hangar_Constructor_ramp_6x6x3_x3,1,0,0,1,1,0,32,true,
1549,Large ramp 6*30*15,,Hangar_Constructor_ramp_6x6x3_x5,1,0,0,1,1,0,32,true,
1550,Concave concrete ramp 6*6*3,,Hangar_Constructor_ramp_arc_6x6x3,1,0,0,1,1,0,32,true,
1551,Ramp with a platform 12*12*3,,Hangar_Constructor_ramp_block_12x12x3,1,0,0,1,1,0,32,true,
1552,Ramp with a platform 12*18*3,,Hangar_Constructor_ramp_block_12x18x3,1,0,0,1,1,0,32,true,
1553,Ramp with a platform 6*12*3,,Hangar_Constructor_ramp_block_6x12x3,1,0,0,1,1,0,32,true,
1554,Concrete ring,,Hangar_Constructor_ring,1,0,0,1,1,0,32,true,
1555,Triangular ramp 6*24*6,,Hangar_Constructor_triange_6x24x6,1,0,0,1,1,0,32,true,
1556,Gate frame,,Hangar_Decor_arena_gate_small,1,0,0,1,1,0,32,true,
1557,Military van,,Hangar_Decor_bus_armoured,1,0,0,1,1,0,32,true,
1558,Old trailer,,Hangar_Decor_camper_trailer,1,0,0,1,1,0,32,true,
1559,Old RV,,Hangar_Decor_camper_van,1,0,0,1,1,0,32,true,
1560,Concrete wall,,Hangar_Decor_concrete_wall,1,0,0,1,1,0,32,true,
1561,Broken wall,,Hangar_Decor_concrete_wall_debris,1,0,0,1,1,0,32,true,
1562,Small broken wall,,Hangar_Decor_concrete_wall_debris_small,1,0,0,1,1,0,32,true,
1563,Wall with slots,,Hangar_Decor_concrete_wall_gap,1,0,0,1,1,0,32,true,
1564,Small wall,,Hangar_Decor_concrete_wall_small,1,0,0,1,1,0,32,true,
1565,Engineers Container,,Hangar_Decor_container,1,0,0,1,1,0,32,true,
1566,Old container,,Hangar_Decor_container_broken,1,0,0,1,1,0,32,true,
1567,Engineer's cache,,Hangar_Decor_container_broken_pile,1,0,0,1,1,0,32,true,
1568,Small partition,,Hangar_Decor_container_wall01,1,0,0,1,1,0,32,true,
1569,Large partition,,Hangar_Decor_container_wall02,1,0,0,1,1,0,32,true,
1570,Damaged partition,,Hangar_Decor_container_wall03,1,0,0,1,1,0,32,true,
1571,Torn-off crane,,Hangar_Decor_crane,1,0,0,1,1,0,32,true,
1572,Large fence,,Hangar_Decor_fence_barbwire_base,1,0,0,1,1,0,32,true,
1573,Diesel generator,,Hangar_Decor_generator,1,0,0,1,1,0,32,true,
1574,Old Chinook,,Hangar_Decor_helicopter_chinook,1,0,0,1,1,0,32,true,
1575,Tank,,Hangar_Decor_oil_tank_barrel,1,0,0,1,1,0,32,true,
1576,Gasholder,,Hangar_Decor_oil_tank_sphere,1,0,0,1,1,0,32,true,
1577,Grey,,Hangar_Decor_Pic_grey,1,0,0,1,1,0,32,true,
1578,Pumpjack,,Hangar_Decor_pumpjack,1,0,0,1,1,0,32,true,
1579,Radio tower,,Hangar_Decor_radio_tower,1,0,0,1,1,0,32,true,
1580,Gentle ramp,,Hangar_Decor_ramp,1,0,0,1,1,0,32,true,
1581,Steep ramp,,Hangar_Decor_ramp_arc,1,0,0,1,1,0,32,true,
1582,Wide ramp,,Hangar_Decor_ramp_arc_turn,1,0,0,1,1,0,32,true,
1583,Ramp of the Horsemen,,Hangar_Decor_ramp_springboard,1,0,0,1,1,0,32,true,
1584,Buffer of bags,,Hangar_Decor_sandbag_wall,1,0,0,1,1,0,32,true,
1585,Trailer,,Hangar_Decor_semi_trailer,1,0,0,1,1,0,32,true,
1586,Park gate,,Hangar_Decor_sign_park,1,0,0,1,1,0,32,true,
1587,Watchtower,,Hangar_Decor_tower_military,1,0,0,1,1,0,32,true,
1588,Passenger car,,Hangar_Decor_wagon,1,0,0,1,1,0,32,true,
1589,Open freight car,,Hangar_Decor_wagon_open,1,0,0,1,1,0,32,true,
1590,Large pin,,Hangar_interactive_AmusementPark_Skittle,1,0,0,1,1,0,32,true,
1591,Steel Ball,,Hangar_interactive_Ball,1,0,0,1,1,0,32,true,
1592,Pulverizer,,Hangar_interactive_CarCrusher,1,0,0,1,1,0,32,true,
1593,Autocatapult,,Hangar_interactive_Catapult,1,0,0,1,1,0,32,true,
1594,Ferris wheel,,Hangar_interactive_Ferris_Wheel,1,0,0,1,1,0,32,true,
1595,Fire ring,,Hangar_interactive_FireRing,1,0,0,1,1,0,32,true,
1596,Jumping pad,,Hangar_interactive_JumpPad,1,0,0,1,1,0,32,true,
1597,Plasma ring,,Hangar_interactive_PlasmaRing,1,0,0,1,1,0,32,true,
1598,Dummy target,,Hangar_interactive_Shooting_Range,1,0,0,1,1,0,32,true,
1599,Slanted target,,Hangar_interactive_Shooting_Range_ramp,1,0,0,1,1,0,32,true,
1600,Mysterious cube,,Hangar_interactive_Surprise_Box,1,0,0,1,1,0,32,true,
1601,Training minibus,,Hangar_interactive_Target01,1,0,0,1,1,0,32,true,
1602,Training car,,Hangar_interactive_Target02,1,0,0,1,1,0,32,true,
1603,Training truck,,Hangar_interactive_Target03,1,0,0,1,1,0,32,true,
1604,Training van,,Hangar_interactive_Target04,1,0,0,1,1,0,32,true,
1606,Blue dragon,,pic_Football16_2022,1,10,7,1,4,0,32,true,
1607,Red dragon,,pic_Football17_2022,1,10,7,1,4,0,32,true,
1608,Catalina,,Cabin_Halloween2022_Cab,1,55,1,1,3,0,32,true,
1609,Tailfin,,CarPart_halloween2022_light,1,68,6,1,4,0,32,true,
1610,Retribution fire,,CarPart_Halloween_Hologram02,1,81,6,1,3,0,32,true,
1611,Daze,,CarPart_WeaponDisabler_epic,1,27,3,1,3,0,32,true,
1612,Walking stick,,Decal_halloween14,1,52,9,1,3,0,32,true,
1613,Eyelash,,Decal_halloween15,1,52,9,1,3,0,32,true,
1614,Burn injury,,Dye_Halloween2022_deluxe,1,10,7,1,5,0,32,true,
1615,White dune,,Dye_Halloween2022_light,1,10,7,1,4,0,32,true,
1616,Lipstick,,Dye_Halloween2022_standart,1,10,7,1,4,0,32,true,
1618,Military sign 50 m,,Hangar_Break_distance050_military,1,0,0,1,1,0,32,true,
1619,Military sign 150 m,,Hangar_Break_distance150_military,1,0,0,1,1,0,32,true,
1620,Rusty mark 300 m,,Hangar_Break_distance300,1,0,0,1,1,0,32,true,
1621,White horse,,Hangar_Break_park1,1,52,9,1,5,0,32,true,
1622,Curved beam 6*12*6,,Hangar_Constructor_beamarc_6x12x6,1,0,0,1,1,0,32,true,
1623,Square platform 18*18*6,,Hangar_Constructor_blocks_concrete_6x6x6_3x3,1,0,0,1,1,0,32,true,
1624,Metal wall,,Hangar_Decor_metal_fence_barbwire,1,0,0,1,1,0,32,true,
1625,Freight car,,Hangar_Decor_wagon_hopper,1,0,0,1,1,0,32,true,
1630,Spiked carapace,,CarPart_IronShield_Hologram,1,81,6,1,3,0,32,true,
1631,Tines,,CarPart_Mohawk_01,1,2,6,1,4,0,32,true,
1632,Serious Reggie,,Decal_bentmetal_01,1,52,9,1,4,0,32,true,
1633,Jokester Ronnie,,Decal_bentmetal_02,1,52,9,1,4,0,32,true,
1634,Grips,,Decal_bentmetal_03,1,52,9,1,6,0,32,true,
1635,76,,Decal_bentmetal_05,1,52,9,1,6,0,32,true,
1636,Eagle and shield,,Decal_eagle_01,1,52,9,1,4,0,32,true,
1637,Use the brain,,Decal_splatter_01,1,52,9,1,3,0,32,true,
1638,Samurai's signature,,Decal_splatter_02,1,52,9,1,3,0,32,true,
1639,Black Mamba's revenge,,Decal_splatter_03,1,52,9,1,3,0,32,true,
1640,Diagonal,,Decal_steel_gladiators01,1,52,9,1,6,0,32,true,
1641,Parade ribbon,,Decal_steel_gladiators03,1,52,9,1,6,0,32,true,
1642,Scavenger scrap heap,,Hangar_Decor_car_pile,1,0,0,1,1,0,32,true,
1643,Scavenger Barricade,,Hangar_Decor_car_pile_wall,1,0,0,1,1,0,32,true,
1644,Training bus,,Hangar_interactive_Target05,1,0,0,1,1,0,32,true,
1646,Protective cover,,pic_Armor04,1,10,7,1,4,0,32,true,
1647,Confetti,,pic_bentmetal_01,1,10,7,1,4,0,32,true,
1648,Bubble gum,,pic_bentmetal_02,1,10,7,1,4,0,32,true,
1651,Coupons x1000,,Res_Supply_1000,1000,25,8,1,1,0,32,true,
1652,Savior,,Cabin_NYear2023_Cab,1,56,1,1,3,0,32,true,
1653,Truck exhaust pipe,,CarPart_Exhaust_Xmas2023,1,2,6,1,4,0,32,true,
1654,Gotcha!,,Decal_bentmetal_04,1,52,9,1,6,0,32,true,
1655,Great bear,,Decal_nyear2023_bundle_01,1,0,0,1,1,0,32,true,
1656,Rise of the machines,,Decal_nyear2023_bundle_02,1,52,9,1,4,0,32,true,
1659,Grey ice,,pic_NYear2023_01,1,10,7,1,4,0,32,true,
1660,Gleam of the north,,pic_NYear2023_02,1,10,7,1,4,0,32,true,
1661,Huginn,,Cabin_Diesel_Cab2,1,56,1,1,3,0,32,true,
1662,Muninn,,Cabin_Ratmaster,1,5,1,1,4,0,32,true,
1663,Anchor,,CarPart_Diesel_Anchor_01,1,2,6,1,4,0,32,true,
1664,Heat exchange,,CarPart_Diesel_Hoses_01,1,2,6,1,3,0,32,true,
1665,Gungnir,,CarPart_Gun_Machinegun_Heavy_Epic,1,18,2,1,3,0,32,true,
1666,Nothung,,CarPart_Gun_Machinegun_Heavy_Legend,1,18,2,1,4,0,32,true,
1667,Thor-6S,,CarPart_PowerGiverExplosive_legend2,1,14,3,1,4,0,32,true,
1668,Sleipnir,,CarPart_Track_Diesel_01,1,29,4,1,3,0,32,true,
1669,"Mark ""Friend""",,Decal_diesel01,1,52,9,1,6,0,32,true,
1670,"Mark ""Foe""",,Decal_diesel02,1,52,9,1,6,0,32,true,
1671,Depth bomb,,Decal_diesel03,1,52,9,1,3,0,32,true,
1672,Metal octopus,,Decal_diesel04,1,52,9,1,3,0,32,true,
1673,Extinct species,,Decal_diesel05,1,52,9,1,3,0,32,true,
1674,Snow wanderer,,Decal_diesel06,1,52,9,1,4,0,32,true,
1675,Lord of the seas,,Decal_diesel07,1,52,9,1,4,0,32,true,
1676,Embrace of death,,Decal_diesel08,1,52,9,1,4,0,32,true,
1678,Marine grey,,pic_Diesel_01,1,10,7,1,6,0,32,true,
1679,Marine red,,pic_Diesel_02,1,10,7,1,6,0,32,true,
1680,Warrior's rune,,pic_Diesel_03,1,10,7,1,3,0,32,true,
1681,Rune of the north,,pic_Diesel_04,1,10,7,1,3,0,32,true,
1682,Deep radiance,,pic_Diesel_05,1,10,7,1,4,0,32,true,
1683,Ice velvet,,pic_Diesel_06,1,10,7,1,4,0,32,true,
1685,Engraved casings x1000,,Res_TokenZone1_1000,1000,25,8,1,1,0,32,true,
1686,Inflatable Scorpion,,CarPart_FakeScorpioGun,1,0,0,1,1,0,32,true,
1687,Athena,,CarPart_Gun_Revolver_Laser_legend,1,0,0,1,1,0,32,true,
1688,Desolation,,Decal_oracle01,1,0,0,1,1,0,32,true,
5001,Frame 1*4,,structure_5001,1,115,10,1,99,2,26,true,
5002,Frame 1*6,,structure_5002,1,115,10,1,99,6,26,true,
5003,Frame 1*8,,structure_5003,1,115,10,1,99,9,26,true,
5004,Frame 2*4,,structure_5004,1,115,10,1,99,1,26,true,
5005,Frame 2*6,,structure_5005,1,115,10,1,99,5,26,true,
5006,Frame 4*4,,structure_5006,1,115,10,1,99,1,26,true,
5007,Frame 6*4,,structure_5007,1,115,10,1,99,4,26,true,
5008,Frame 8*4,,structure_5008,1,115,10,1,99,15,26,true,
5009,Lightweight frame 1*4,,structure_5009,1,115,10,2,99,2,26,true,
5010,Lightweight frame 1*6,,structure_5010,1,115,10,2,99,4,26,true,
5011,Lightweight frame 1*8,,structure_5011,1,115,10,2,99,8,26,true,
5012,Lightweight frame 2*4,,structure_5012,1,115,10,1,99,2,26,true,
5013,Lightweight frame 2*6,,structure_5013,1,115,10,2,99,3,26,true,
5014,Lightweight frame 4*4,,structure_5014,1,115,10,1,99,3,26,true,
5015,Lightweight frame 6*4,,structure_5015,1,115,10,2,99,3,26,true,
5016,Lightweight frame 8*4,,structure_5016,1,115,10,2,99,6,26,true,
5101,Guerilla,,structure_5101,1,5,1,1,99,1,26,true,
5102,Starter wheel,,structure_5102,1,75,4,1,99,1,26,true,
5103,Starter wheel ST,,structure_5103,1,75,4,1,99,1,26,true,
5104,SM Hornet,,structure_5104,1,18,2,1,99,1,26,true,
5105,Fender,,structure_5105,1,132,5,1,99,1,26,true,
5106,Van side,,structure_5106,1,132,5,1,99,1,26,true,
5107,Bumper 'Catch',,structure_5107,1,109,5,1,99,2,26,true,
5108,Left crutch,,structure_5108,1,107,5,1,99,2,26,true,
5109,Medium strut,,structure_5109,1,129,5,1,99,2,26,true,
5110,Right crutch,,structure_5110,1,107,5,1,99,2,26,true,
5111,Small strut,,structure_5111,1,129,5,1,99,2,26,true,
5112,Whaleback,,structure_5112,1,107,5,1,99,2,26,true,
5113,Radiator grille,,structure_5113,1,116,5,1,99,3,26,true,
5114,Running board,,structure_5114,1,132,5,1,99,3,26,true,
5115,Van ramp,,structure_5115,1,132,5,1,99,3,26,true,
5116,Van window,,structure_5116,1,132,5,1,99,3,26,true,
5117,Gun mount,,structure_5117,1,116,5,1,99,4,26,true,
5118,Hatchet,,structure_5118,1,19,5,1,99,4,26,true,
5119,Minivan sideboard,,structure_5119,1,132,5,1,99,4,26,true,
5120,Canvas roof,,structure_5120,1,132,5,1,99,5,26,true,
5121,Small buggy floor,,structure_5121,1,116,5,1,99,5,26,true,
5122,Offroader bumper,,structure_5122,1,109,5,1,99,6,26,true,
5123,Rear door,,structure_5123,1,132,5,1,99,7,26,true,
5124,Buggy floor,,structure_5124,1,116,5,1,99,13,26,true,
5125,Buggy engine cover,,structure_5125,1,116,5,1,99,14,26,true,
5126,Buggy trunk,,structure_5126,1,116,5,1,99,18,26,true,
5127,Torino nosecut,,structure_5127,1,131,5,1,99,20,26,true,
5128,Torino rear,,structure_5128,1,131,5,1,99,20,26,true,
5129,Torino fender,,structure_5129,1,131,5,1,99,22,26,true,
5130,Torino bonnet,,structure_5130,1,131,5,1,99,25,26,true,
5151,Avia panel large,,structure_5151,1,124,5,3,99,1,26,true,
5152,Avia slope,,structure_5152,1,124,5,3,99,1,26,true,
5153,Oblique slope,,structure_5153,1,124,5,3,99,1,26,true,
5154,Plane nose,,structure_5154,1,124,5,3,99,1,26,true,
5155,Avia panel,,structure_5155,1,124,5,3,99,2,26,true,
5156,Avia wide slope,,structure_5156,1,124,5,3,99,2,26,true,
5157,Small plow,,structure_5157,1,109,5,3,99,2,26,true,
5158,Avia double slope,,structure_5158,1,124,5,3,99,3,26,true,
5159,Avia strut,,structure_5159,1,124,5,3,99,3,26,true,
5160,BladeWing,,structure_5160,1,19,5,3,99,3,26,true,
5161,Oblique strut,,structure_5161,1,124,5,3,99,3,26,true,
5162,Avia narrow slope,,structure_5162,1,124,5,3,99,4,26,true,
5163,Narrow wing,,structure_5163,1,124,5,3,99,4,26,true,
5164,Left avia fender,,structure_5164,1,124,5,3,99,6,26,true,
5165,Plane air intake,,structure_5165,1,124,5,3,99,6,26,true,
5166,Right avia fender,,structure_5166,1,124,5,3,99,6,26,true,
5167,Avia panel small,,structure_5167,1,124,5,3,99,7,26,true,
5168,Oblique slope wide,,structure_5168,1,124,5,3,99,7,26,true,
5169,Oblique slope narrow,,structure_5169,1,124,5,3,99,8,26,true,
5170,Twin BladeWing,,structure_5170,1,19,5,3,99,9,26,true,
5201,Comb,,structure_5201,1,107,5,2,99,1,26,true,
5202,Fryer,,structure_5202,1,107,5,2,99,1,26,true,
5203,Brazier,,structure_5203,1,107,5,2,99,2,26,true,
5204,Buggy step plate,,structure_5204,1,107,5,2,99,2,26,true,
5205,Bullbar,,structure_5205,1,109,5,2,99,2,26,true,
5206,Bumper Spike,,structure_5206,1,109,5,2,99,3,26,true,
5207,Dryer,,structure_5207,1,107,5,2,99,3,26,true,
5208,Buggy rear,,structure_5208,1,107,5,2,99,4,26,true,
5209,Buggy fender left,,structure_5209,1,107,5,2,99,6,26,true,
5210,Buggy fender right,,structure_5210,1,107,5,2,99,6,26,true,
5211,Dipper,,structure_5211,1,107,5,2,99,7,26,true,
5212,Frontal Protection System,,structure_5212,1,109,5,2,99,7,26,true,
5213,Grater,,structure_5213,1,107,5,2,99,8,26,true,
5214,Buggy bumper,,structure_5214,1,109,5,2,99,12,26,true,
5251,Curved pipe,,structure_5251,1,123,5,4,99,1,26,true,
5252,Half-wall,,structure_5252,1,111,5,4,99,1,26,true,
5253,T-pipe,,structure_5253,1,123,5,4,99,1,26,true,
5254,Truck slope,,structure_5254,1,111,5,4,99,1,26,true,
5255,Quarter wall,,structure_5255,1,111,5,4,99,2,26,true,
5256,Straight pipe,,structure_5256,1,123,5,4,99,2,26,true,
5257,Terribull bar,,structure_5257,1,109,5,4,99,2,26,true,
5258,Wide slope,,structure_5258,1,111,5,4,99,2,26,true,
5259,Barrel quarter,,structure_5259,1,111,5,4,99,3,26,true,
5260,Large slope,,structure_5260,1,111,5,4,99,3,26,true,
5261,Truck door,,structure_5261,1,111,5,4,99,4,26,true,
5262,Metal box,,structure_5262,1,111,5,4,99,5,26,true,
5263,Large fender,,structure_5263,1,111,5,4,99,6,26,true,
5264,Thick pipe mudguard,,structure_5264,1,123,5,4,99,7,26,true,
5265,Train plow,,structure_5265,1,109,5,4,99,7,26,true,
5266,Pipe shield,,structure_5266,1,123,5,4,99,9,26,true,
5267,Twin slope,,structure_5267,1,111,5,4,99,9,26,true,
5268,Long pipe shield,,structure_5268,1,123,5,4,99,10,26,true,
5269,Container wall,,structure_5269,1,111,5,4,99,12,26,true,
5301,Air intake,,structure_5301,1,120,5,6,99,1,26,true,
5302,Control module,,structure_5302,1,120,5,6,99,1,26,true,
5303,Hull back,,structure_5303,1,120,5,6,99,1,26,true,
5304,Observation pod,,structure_5304,1,120,5,6,99,1,26,true,
5305,Hull part,,structure_5305,1,120,5,6,99,2,26,true,
5306,Broken radiator,,structure_5306,1,120,5,6,99,3,26,true,
5307,Ventilation box,,structure_5307,1,120,5,6,99,3,26,true,
5308,Cooling system,,structure_5308,1,120,5,6,99,5,26,true,
5309,Shock absorber,,structure_5309,1,109,5,6,99,7,26,true,
5351,Cover your left',,structure_5351,1,119,5,7,99,1,26,true,
5352,Cover your right',,structure_5352,1,119,5,7,99,1,26,true,
5353,Flaming rakes,,structure_5353,1,119,5,7,99,1,26,true,
5354,Downstream,,structure_5354,1,119,5,7,99,2,26,true,
5355,Nibbler,,structure_5355,1,109,5,7,99,2,26,true,
5356,Scorched,,structure_5356,1,119,5,7,99,2,26,true,
5357,Devilry,,structure_5357,1,119,5,7,99,3,26,true,
5358,Peaky blinder,,structure_5358,1,119,5,7,99,3,26,true,
5359,Pipetooth,,structure_5359,1,19,5,7,99,3,26,true,
5360,Boar,,structure_5360,1,119,5,7,99,4,26,true,
5361,Rollover,,structure_5361,1,119,5,7,99,4,26,true,
5362,Left thorn,,structure_5362,1,119,5,7,99,7,26,true,
5363,Right thorn,,structure_5363,1,119,5,7,99,7,26,true,
5364,Stranglehold,,structure_5364,1,109,5,7,99,9,26,true,
5401,APC roof part,,structure_5401,1,106,5,5,99,1,26,true,
5402,Strengthened slope,,structure_5402,1,106,5,5,99,1,26,true,
5403,Thin strike plate,,structure_5403,1,106,5,5,99,1,26,true,
5404,Hard module,,structure_5404,1,106,5,5,99,2,26,true,
5405,Small tank side part,,structure_5405,1,106,5,5,99,2,26,true,
5406,Strengthened ventilated slope,,structure_5406,1,106,5,5,99,2,26,true,
5407,Tank side part,,structure_5407,1,106,5,5,99,2,26,true,
5408,APC side part,,structure_5408,1,106,5,5,99,3,26,true,
5409,Small APC roof part,,structure_5409,1,106,5,5,99,3,26,true,
5410,Defensive perimeter,,structure_5410,1,109,5,5,99,4,26,true,
5411,APC rear,,structure_5411,1,106,5,5,99,5,26,true,
5412,Strengthened twin slope,,structure_5412,1,106,5,5,99,5,26,true,
5413,Defence line,,structure_5413,1,109,5,5,99,6,26,true,
5414,Armored hatch,,structure_5414,1,106,5,5,99,7,26,true,
5415,APC door,,structure_5415,1,106,5,5,99,9,26,true,
5501,Hot Rod' grille,,structure_5501,1,119,5,1,99,4,26,true,
5502,Hot Rod' hood,,structure_5502,1,119,5,1,99,1,26,true,
5503,Hot Rod' left fender,,structure_5503,1,119,5,1,99,2,26,true,
5504,Hot Rod' left rear fender,,structure_5504,1,119,5,1,99,3,26,true,
5505,Hot Rod' right fender,,structure_5505,1,119,5,1,99,2,26,true,
5506,Hot Rod' right rear fender,,structure_5506,1,119,5,1,99,3,26,true,
5507,Hot Rod' trunk,,structure_5507,1,119,5,1,99,5,26,true,
5551,Mariposa,,structure_5551,1,109,5,3,99,1,26,true,
5552,Corrida left fender,,structure_5552,1,112,5,3,99,3,26,true,
5553,Corrida right fender,,structure_5553,1,112,5,3,99,3,26,true,
5554,Left shoulder,,structure_5554,1,112,5,3,99,2,26,true,
5555,Right shoulder,,structure_5555,1,112,5,3,99,2,26,true,
5556,Air splitter,,structure_5556,1,109,5,3,99,5,26,true,
5557,Corrida nosecut,,structure_5557,1,112,5,3,99,4,26,true,
5558,Left side air intake,,structure_5558,1,124,5,3,99,6,26,true,
5559,Right side air intake,,structure_5559,1,124,5,3,99,6,26,true,
5601,Left shielded fender,,structure_5601,1,108,5,2,99,2,26,true,
5602,Powerslide,,structure_5602,1,108,5,2,99,1,26,true,
5603,Right shielded fender,,structure_5603,1,108,5,2,99,2,26,true,
5604,Side guard right,,structure_5604,1,108,5,2,99,3,26,true,
5605,Bully' bumper,,structure_5605,1,109,5,2,99,5,26,true,
5606,Bully' nosecut,,structure_5606,1,108,5,2,99,4,26,true,
5607,Side guard left,,structure_5607,1,108,5,2,99,3,26,true,
5608,Left backmarker,,structure_5608,1,126,5,2,99,7,26,true,
5609,Pole position,,structure_5609,1,109,5,2,99,6,26,true,
5610,Right backmarker,,structure_5610,1,126,5,2,99,7,26,true,
5611,Right bend,,structure_5611,1,126,5,2,99,8,26,true,
5612,Left bend,,structure_5612,1,126,5,2,99,8,26,true,
5651,Bartizan,,structure_5651,1,134,5,4,99,1,26,true,
5652,Left phantom fender,,structure_5652,1,122,5,4,99,3,26,true,
5653,Right phantom fender,,structure_5653,1,122,5,4,99,3,26,true,
5654,Veil,,structure_5654,1,109,5,4,99,2,26,true,
5655,Rear cover,,structure_5655,1,122,5,4,99,4,26,true,
5701,Right phalanx,,structure_5701,1,114,5,6,99,2,26,true,
5702,Rump,,structure_5702,1,114,5,6,99,1,26,true,
5703,Left phalanx,,structure_5703,1,114,5,6,99,2,26,true,
5704,Left rib,,structure_5704,1,114,5,6,99,3,26,true,
5705,Right rib,,structure_5705,1,114,5,6,99,3,26,true,
5706,Cranium,,structure_5706,1,109,5,6,99,4,26,true,
5751,Left catheter,,structure_5751,1,121,5,7,99,1,26,true,
5752,Right catheter,,structure_5752,1,121,5,7,99,1,26,true,
5753,Right plaster,,structure_5753,1,121,5,7,99,2,26,true,
5754,Bandage,,structure_5754,1,121,5,7,99,3,26,true,
5755,Left plaster,,structure_5755,1,121,5,7,99,2,26,true,
5756,Pill,,structure_5756,1,121,5,7,99,5,26,true,
5757,The Omen,,structure_5757,1,109,5,7,99,6,26,true,
5758,Vial,,structure_5758,1,121,5,7,99,4,26,true,
5759,Finale,,structure_5759,1,113,5,7,99,8,26,true,
5760,Left Death fender,,structure_5760,1,113,5,7,99,7,26,true,
5761,Right Death fender,,structure_5761,1,113,5,7,99,7,26,true,
5801,Eastern front,,structure_5801,1,133,5,5,99,3,26,true,
5802,Line of defence,,structure_5802,1,133,5,5,99,1,26,true,
5803,Vanguard,,structure_5803,1,133,5,5,99,2,26,true,
5804,Western front,,structure_5804,1,133,5,5,99,3,26,true,
5805,Home front,,structure_5805,1,133,5,5,99,5,26,true,
5806,Left barrier,,structure_5806,1,128,5,5,99,6,26,true,
5807,Right barrier,,structure_5807,1,128,5,5,99,6,26,true,
5808,Wedge,,structure_5808,1,133,5,5,99,4,26,true,
5809,Left rampart,,structure_5809,1,134,5,5,99,9,26,true,
5810,Right rampart,,structure_5810,1,134,5,5,99,8,26,true,
5811,Sentry line,,structure_5811,1,109,5,5,99,7,26,true,
6001,Small digger side,,structure_6001,1,118,5,8,99,2,26,true,
6002,Sloped platform,,structure_6002,1,118,5,8,99,3,26,true,
6003,Small platform,,structure_6003,1,118,5,8,99,4,26,true,
6004,Large platform,,structure_6004,1,118,5,8,99,7,26,true,
6005,Digger side,,structure_6005,1,118,5,8,99,8,26,true,
6006,Digger hull,,structure_6006,1,118,5,8,99,10,26,true,
6007,Crane side left,,structure_6007,1,118,5,8,99,20,26,true,
6008,Crane side right,,structure_6008,1,118,5,8,99,20,26,true,
6009,Crane hull left,,structure_6009,1,118,5,8,99,21,26,true,
6010,Crane hull right,,structure_6010,1,118,5,8,99,21,26,true,
6011,Crane plug left,,structure_6011,1,118,5,8,99,22,26,true,
6012,Crane plug right,,structure_6012,1,118,5,8,99,22,26,true,
6013,Excavator side cover,,structure_6013,1,118,5,8,99,4,33,true,
6014,Excavator plating right,,structure_6014,1,118,5,8,99,11,33,true,
6015,Excavator plating left,,structure_6015,1,118,5,8,99,11,33,true,
6016,Excavator hood,,structure_6016,1,118,5,8,99,20,33,true,
6017,Left truck fender,,structure_6017,1,118,5,8,99,29,33,true,
6018,Right truck fender,,structure_6018,1,118,5,8,99,29,33,true,
6019,Frontend,,structure_6019,1,118,5,8,99,37,33,true,
6020,Backend,,structure_6020,1,109,5,8,99,45,33,true,
6051,Large assembly section,,structure_6051,1,120,5,6,99,1,26,true,
6052,Incisor,,structure_6052,1,19,5,6,99,2,26,true,
6053,Reflector,,structure_6053,1,120,5,6,99,29,26,true,
6054,Screener,,structure_6054,1,109,5,6,99,30,26,true,
6055,Small assembly section,,structure_6055,1,120,5,6,99,30,26,true,
6056,Aura,,structure_6056,1,119,5,7,99,5,26,true,
6057,Bus panel,,structure_6057,1,110,5,7,99,6,26,true,
6058,Flayer,,structure_6058,1,109,5,7,99,6,26,true,
6059,Medium thorn,,structure_6059,1,19,5,7,99,6,26,true,
6060,Minivan panel,,structure_6060,1,110,5,7,99,6,26,true,
6061,Small thorn,,structure_6061,1,19,5,7,99,6,26,true,
6062,Large thorn,,structure_6062,1,19,5,7,99,7,26,true,
6063,Right flail,,structure_6063,1,19,5,5,99,1,26,true,
6064,Left flail,,structure_6064,1,19,5,5,99,2,26,true,
6065,Left military truck fender,,structure_6065,1,106,5,5,99,13,26,true,
6066,Left APC bumper,,structure_6066,1,109,5,5,99,14,26,true,
6067,Right APC bumper,,structure_6067,1,109,5,5,99,14,26,true,
6068,Right military truck fender,,structure_6068,1,106,5,5,99,14,26,true,
6069,Large APC panel,,structure_6069,1,106,5,5,99,15,26,true,
6070,Small APC panel,,structure_6070,1,106,5,5,99,15,26,true,
6101,Mengu,,structure_6101,1,109,5,9,99,4,26,true,
6102,Left sode,,structure_6102,1,130,5,9,99,12,26,true,
6103,Right sode,,structure_6103,1,130,5,9,99,12,26,true,
6104,Tanko,,structure_6104,1,130,5,9,99,15,26,true,
6105,Nodowa,,structure_6105,1,130,5,9,99,18,26,true,
6106,Left kusazuri,,structure_6106,1,130,5,9,99,21,26,true,
6107,Right kusazuri,,structure_6107,1,130,5,9,99,21,26,true,
6108,Left kote,,structure_6108,1,130,5,9,99,28,26,true,
6109,Right kote,,structure_6109,1,130,5,9,99,28,26,true,
6110,Sikoro,,structure_6110,1,130,5,9,99,30,26,true,
6111,Haidate,,structure_6111,1,130,5,9,99,34,26,true,
6112,Haraate,,structure_6112,1,109,5,9,99,37,26,true,
6113,Mempo,,structure_6113,1,130,5,9,99,43,26,true,
6114,Left kohire,,structure_6114,1,130,5,9,99,46,26,true,
6115,Right kohire,,structure_6115,1,130,5,9,99,46,26,true,
6116,Left suneate,,structure_6116,1,130,5,9,99,53,26,true,
6117,Right suneate,,structure_6117,1,130,5,9,99,53,26,true,
6118,Gessan,,structure_6118,1,109,5,9,99,61,26,true,
6119,Left sendan,,structure_6119,1,130,5,9,99,70,26,true,
6120,Right sendan,,structure_6120,1,130,5,9,99,70,26,true,
6151,Step rail,,structure_6151,1,107,5,2,99,10,30,true,
6152,Left armrest,,structure_6152,1,107,5,2,99,12,30,true,
6153,Right armrest,,structure_6153,1,107,5,2,99,12,30,true,
6154,Tray,,structure_6154,1,107,5,2,99,17,30,true,
6155,Right shoulder rest,,structure_6155,1,107,5,2,99,19,30,true,
6156,Left shoulder rest,,structure_6156,1,107,5,2,99,19,30,true,
6157,Puncher,,structure_6157,1,109,5,2,99,24,30,true,
6158,Right filter,,structure_6158,1,124,5,3,99,26,30,true,
6159,Left filter,,structure_6159,1,124,5,3,99,26,30,true,
6160,Airplane interior,,structure_6160,1,124,5,3,99,31,30,true,
6161,Left avia air intake,,structure_6161,1,124,5,3,99,33,30,true,
6162,Right avia air intake,,structure_6162,1,124,5,3,99,33,30,true,
6163,Dual avia slope,,structure_6163,1,124,5,3,99,38,30,true,
6164,Fuselage,,structure_6164,1,109,5,3,99,40,30,true,
6165,Long slope,,structure_6165,1,111,5,4,99,46,30,true,
6166,Corner platform right,,structure_6166,1,111,5,4,99,48,30,true,
6167,Corner platform left,,structure_6167,1,111,5,4,99,48,30,true,
6168,Tram car doors,,structure_6168,1,111,5,4,99,53,30,true,
6169,Reinforced right corner,,structure_6169,1,111,5,4,99,55,30,true,
6170,Reinforced left corner,,structure_6170,1,111,5,4,99,55,30,true,
6171,Freight train plow,,structure_6171,1,109,5,4,99,63,30,true,
6172,Left elbow,,structure_6172,1,125,5,9,99,0,32,true,
6173,Left knee,,structure_6173,1,125,5,9,99,0,32,true,
6174,Right elbow,,structure_6174,1,125,5,9,99,0,32,true,
6175,Right knee,,structure_6175,1,125,5,9,99,0,32,true,